Code du département	Libellé du département	Code de la circonscription	Libellé de la circonscription	Code de la commune	Libellé de la commune	Code du b.vote	Inscrits	Abstentions	Votants	Blancs	Nuls	Exprimés	ARTHAUD Nathalie	ASSELINEAU François	CHEMINADE Jacques	DUPONT-AIGNAN Nicolas	FILLON François	HAMON Benoît	LASSALLE Jean	LE PEN Marine	MACRON Emmanuel	MÉLENCHON Jean-Luc	POUTOU Philippe
75	Paris	1	1ère circonscription	56	Paris	0101	1079	153	926	6	6	914	3	10	3	17	295	62	3	49	348	121	3
75	Paris	1	1ère circonscription	56	Paris	0102	1172	181	991	11	2	978	3	3	3	2	254	83	6	43	424	152	5
75	Paris	1	1ère circonscription	56	Paris	0103	1155	198	957	9	1	947	0	13	0	17	210	77	12	56	409	150	3
75	Paris	1	1ère circonscription	56	Paris	0104	1300	231	1069	14	3	1052	0	10	2	19	226	102	9	57	381	235	11
75	Paris	1	1ère circonscription	56	Paris	0105	1057	146	911	7	0	904	3	3	1	17	229	80	3	47	384	136	1
75	Paris	1	1ère circonscription	56	Paris	0106	1191	170	1021	14	1	1006	4	7	0	11	303	83	6	44	411	134	3
75	Paris	1	1ère circonscription	56	Paris	0107	1082	149	933	3	1	929	1	5	1	19	319	55	7	45	372	105	0
75	Paris	1	1ère circonscription	56	Paris	0108	925	169	756	7	3	746	0	2	0	12	293	40	5	39	285	68	2
75	Paris	1	1ère circonscription	56	Paris	0109	956	138	818	4	2	812	1	4	1	11	335	40	2	32	303	80	3
75	Paris	1	1ère circonscription	56	Paris	0110	858	111	747	6	3	738	0	1	0	3	367	37	4	31	244	50	1
75	Paris	1	1ère circonscription	56	Paris	0201	1150	155	995	14	4	977	0	5	1	13	303	66	5	41	413	127	3
75	Paris	1	1ère circonscription	56	Paris	0202	988	138	850	7	2	841	3	5	3	13	260	52	5	28	351	119	2
75	Paris	1	1ère circonscription	56	Paris	0203	816	134	682	5	1	676	1	4	1	5	260	59	2	30	236	76	2
75	Paris	1	1ère circonscription	56	Paris	0204	1443	207	1236	10	2	1224	2	8	4	8	279	129	0	43	563	183	5
75	Paris	1	1ère circonscription	56	Paris	0205	1413	179	1234	10	5	1219	1	5	1	12	279	107	1	37	566	204	6
75	Paris	1	1ère circonscription	56	Paris	0206	1438	199	1239	9	5	1225	1	8	2	12	333	99	11	47	539	164	9
75	Paris	1	1ère circonscription	56	Paris	0207	1444	203	1241	11	5	1225	2	12	0	19	242	116	4	34	593	201	2
75	Paris	1	1ère circonscription	56	Paris	0208	1710	281	1429	13	2	1414	2	8	3	18	246	179	5	49	630	265	9
75	Paris	1	1ère circonscription	56	Paris	0209	1676	284	1392	11	0	1381	3	16	1	9	262	149	10	47	614	268	2
75	Paris	1	1ère circonscription	56	Paris	0210	1282	157	1125	11	4	1110	2	10	1	19	176	143	3	43	509	195	9
75	Paris	1	1ère circonscription	56	Paris	0801	1442	221	1221	7	3	1211	1	5	0	10	676	36	4	35	374	67	3
75	Paris	1	1ère circonscription	56	Paris	0802	1349	149	1200	3	1	1196	0	6	0	9	642	53	7	41	370	68	0
75	Paris	1	1ère circonscription	56	Paris	0803	1361	154	1207	10	6	1191	0	5	1	14	677	50	7	39	344	51	3
75	Paris	1	1ère circonscription	56	Paris	0804	1343	186	1157	8	1	1148	1	3	1	16	655	32	1	47	347	42	3
75	Paris	1	1ère circonscription	56	Paris	0805	1554	186	1368	11	3	1354	2	2	3	14	654	50	2	46	494	83	4
75	Paris	1	1ère circonscription	56	Paris	0806	1386	172	1214	7	0	1207	2	6	0	12	518	66	9	54	434	103	3
75	Paris	1	1ère circonscription	56	Paris	0807	1485	174	1311	15	1	1295	1	5	1	25	552	88	5	54	444	111	9
75	Paris	1	1ère circonscription	56	Paris	0808	1415	173	1242	11	2	1229	0	8	0	9	475	87	3	58	446	141	2
75	Paris	1	1ère circonscription	56	Paris	0809	1616	177	1439	7	2	1430	2	9	2	16	719	58	9	57	451	105	2
75	Paris	1	1ère circonscription	56	Paris	0810	1068	162	906	7	2	897	1	8	0	7	430	53	5	48	292	50	3
75	Paris	1	1ère circonscription	56	Paris	0811	1150	155	995	8	3	984	4	3	2	12	436	30	5	42	366	77	7
75	Paris	1	1ère circonscription	56	Paris	0812	1263	161	1102	6	4	1092	1	9	1	22	492	40	2	81	345	97	2
75	Paris	1	1ère circonscription	56	Paris	0813	1447	229	1218	6	1	1211	1	11	2	16	594	35	2	67	409	70	4
75	Paris	1	1ère circonscription	56	Paris	0814	1476	245	1231	6	3	1222	1	9	1	11	611	51	5	66	365	96	6
75	Paris	1	1ère circonscription	56	Paris	0815	1501	194	1307	6	0	1301	3	5	0	16	778	41	3	48	322	84	1
75	Paris	1	1ère circonscription	56	Paris	0816	1501	196	1305	13	5	1287	1	5	2	14	739	19	5	59	393	50	0
75	Paris	1	1ère circonscription	56	Paris	0817	895	196	699	2	1	696	0	4	1	10	366	28	3	40	203	39	2
75	Paris	1	1ère circonscription	56	Paris	0818	906	156	750	1	2	747	2	4	0	8	434	32	6	34	169	58	0
75	Paris	1	1ère circonscription	56	Paris	0901	1313	232	1081	9	2	1070	2	1	1	13	300	93	3	37	477	140	3
75	Paris	1	1ère circonscription	56	Paris	0902	1400	181	1219	11	4	1204	2	8	1	15	265	137	9	38	505	215	9
75	Paris	1	1ère circonscription	56	Paris	0903	1417	205	1212	11	2	1199	1	11	0	17	312	118	4	49	496	185	6
75	Paris	1	1ère circonscription	56	Paris	0904	1397	182	1215	10	1	1204	0	9	1	8	306	103	8	28	561	178	2
75	Paris	1	1ère circonscription	56	Paris	0905	1439	175	1264	9	1	1254	4	11	1	14	348	113	2	37	558	159	7
75	Paris	1	1ère circonscription	56	Paris	0906	1283	173	1110	7	2	1101	3	11	3	14	367	71	5	40	442	141	4
75	Paris	1	1ère circonscription	56	Paris	0907	1293	182	1111	5	5	1101	1	10	0	19	408	82	4	52	407	117	1
75	Paris	1	1ère circonscription	56	Paris	0908	1356	152	1204	6	0	1198	2	2	0	26	427	79	6	33	506	113	4
75	Paris	1	1ère circonscription	56	Paris	0909	1408	169	1239	12	6	1221	0	3	3	12	407	90	3	44	519	137	3
75	Paris	1	1ère circonscription	56	Paris	0910	1377	167	1210	6	7	1197	2	2	0	13	350	94	9	40	530	150	7
75	Paris	1	1ère circonscription	56	Paris	0911	1413	175	1238	13	1	1224	2	11	1	9	285	130	9	34	549	189	5
75	Paris	1	1ère circonscription	56	Paris	0912	1435	198	1237	6	3	1228	3	12	1	10	290	120	9	31	544	201	7
75	Paris	1	1ère circonscription	56	Paris	0913	1497	254	1243	14	2	1227	4	9	2	17	269	125	4	37	534	219	7
75	Paris	1	1ère circonscription	56	Paris	0914	1561	188	1373	15	1	1357	2	12	2	19	361	130	3	47	614	158	9
75	Paris	1	1ère circonscription	56	Paris	0915	1478	179	1299	9	2	1288	2	12	0	15	377	130	6	42	531	167	6
75	Paris	1	1ère circonscription	56	Paris	0916	1403	182	1221	11	4	1206	2	4	2	14	340	122	5	39	518	154	6
75	Paris	1	1ère circonscription	56	Paris	0917	1484	180	1304	4	5	1295	0	9	0	12	456	106	4	47	504	149	8
75	Paris	1	1ère circonscription	56	Paris	0918	1477	229	1248	14	2	1232	2	7	1	21	299	131	7	51	510	196	7
75	Paris	1	1ère circonscription	56	Paris	0919	1435	207	1228	11	2	1215	3	11	1	12	288	147	7	48	506	188	4
75	Paris	1	1ère circonscription	56	Paris	0920	1411	170	1241	17	3	1221	4	5	0	12	349	142	7	37	483	177	5
75	Paris	1	1ère circonscription	56	Paris	0921	1503	213	1290	17	3	1270	1	7	2	15	340	133	7	39	523	193	10
75	Paris	1	1ère circonscription	56	Paris	0922	1364	175	1189	11	2	1176	4	2	1	11	350	104	3	23	510	166	2
75	Paris	1	1ère circonscription	56	Paris	0923	1319	191	1128	12	3	1113	3	4	0	17	257	116	5	35	502	168	6
75	Paris	2	2ème circonscription	56	Paris	0501	1421	191	1230	13	1	1216	0	11	1	21	275	127	2	48	500	222	9
75	Paris	2	2ème circonscription	56	Paris	0502	1554	219	1335	14	4	1317	1	10	1	27	396	103	4	47	488	234	6
75	Paris	2	2ème circonscription	56	Paris	0503	1517	206	1311	11	3	1297	0	7	3	11	393	118	4	53	494	206	8
75	Paris	2	2ème circonscription	56	Paris	0504	1426	188	1238	10	9	1219	0	10	0	15	419	105	8	53	437	165	7
75	Paris	2	2ème circonscription	56	Paris	0505	1490	216	1274	10	2	1262	3	11	3	16	317	124	9	46	510	217	6
75	Paris	2	2ème circonscription	56	Paris	0506	1319	155	1164	13	6	1145	4	2	3	8	308	121	4	39	434	210	12
75	Paris	2	2ème circonscription	56	Paris	0507	1509	184	1325	9	3	1313	4	4	1	22	386	123	6	58	542	163	4
75	Paris	2	2ème circonscription	56	Paris	0508	1579	179	1400	12	1	1387	3	8	1	18	467	108	6	49	597	127	3
75	Paris	2	2ème circonscription	56	Paris	0509	1528	150	1378	8	2	1368	2	10	1	18	388	118	7	35	572	206	11
75	Paris	2	2ème circonscription	56	Paris	0510	1483	220	1263	5	3	1255	5	7	0	13	337	131	11	45	535	166	5
75	Paris	2	2ème circonscription	56	Paris	0511	1485	169	1316	9	3	1304	1	5	0	22	345	120	8	33	550	214	6
75	Paris	2	2ème circonscription	56	Paris	0512	1454	202	1252	14	6	1232	4	1	3	13	293	142	6	46	506	213	5
75	Paris	2	2ème circonscription	56	Paris	0513	1240	187	1053	15	4	1034	3	8	1	33	226	111	5	76	399	166	6
75	Paris	2	2ème circonscription	56	Paris	0514	1323	185	1138	9	1	1128	0	8	1	15	271	117	11	48	437	209	11
75	Paris	2	2ème circonscription	56	Paris	0515	1459	211	1248	9	2	1237	6	10	0	15	272	164	7	45	489	223	6
75	Paris	2	2ème circonscription	56	Paris	0516	1402	177	1225	6	6	1213	3	14	3	12	289	133	3	35	483	232	6
75	Paris	2	2ème circonscription	56	Paris	0517	1466	178	1288	16	3	1269	3	13	0	25	279	120	6	46	539	227	11
75	Paris	2	2ème circonscription	56	Paris	0518	1390	207	1183	11	3	1169	3	18	1	23	314	120	6	52	417	208	7
75	Paris	2	2ème circonscription	56	Paris	0519	1383	158	1225	17	6	1202	6	10	2	28	355	126	12	37	451	168	7
75	Paris	2	2ème circonscription	56	Paris	0520	1466	215	1251	17	2	1232	2	8	1	32	322	136	9	80	433	200	9
75	Paris	2	2ème circonscription	56	Paris	0521	1412	174	1238	6	3	1229	3	7	3	16	299	145	3	30	515	200	8
75	Paris	2	2ème circonscription	56	Paris	0522	1388	175	1213	14	2	1197	1	10	4	14	364	117	10	42	477	153	5
75	Paris	2	2ème circonscription	56	Paris	0523	1434	196	1238	10	2	1226	2	9	0	14	391	110	6	77	444	172	1
75	Paris	2	2ème circonscription	56	Paris	0524	1415	146	1269	12	4	1253	2	15	4	19	257	121	13	64	524	230	4
75	Paris	2	2ème circonscription	56	Paris	0525	1517	196	1321	10	7	1304	2	6	2	9	310	143	12	41	543	229	7
75	Paris	2	2ème circonscription	56	Paris	0601	1279	185	1094	8	4	1082	0	7	1	15	425	62	6	44	407	110	5
75	Paris	2	2ème circonscription	56	Paris	0602	1251	146	1105	9	3	1093	0	2	1	20	462	51	7	38	434	76	2
75	Paris	2	2ème circonscription	56	Paris	0603	1352	180	1172	8	4	1160	2	6	1	13	416	83	6	33	465	132	3
75	Paris	2	2ème circonscription	56	Paris	0604	1085	177	908	8	2	898	1	7	1	13	310	57	10	19	388	89	3
75	Paris	2	2ème circonscription	56	Paris	0605	1135	132	1003	13	1	989	2	2	1	16	347	77	4	37	388	111	4
75	Paris	2	2ème circonscription	56	Paris	0606	1116	151	965	7	4	954	2	14	1	10	335	77	6	40	369	98	2
75	Paris	2	2ème circonscription	56	Paris	0607	1011	138	873	1	0	872	1	5	0	6	358	42	4	25	346	80	5
75	Paris	2	2ème circonscription	56	Paris	0608	1022	144	878	6	2	870	0	5	2	8	336	50	9	36	336	85	3
75	Paris	2	2ème circonscription	56	Paris	0609	904	128	776	5	4	767	3	5	2	5	314	40	2	29	287	77	3
75	Paris	2	2ème circonscription	56	Paris	0610	1095	113	982	7	2	973	0	4	2	15	376	70	5	20	415	64	2
75	Paris	2	2ème circonscription	56	Paris	0701	988	142	846	7	0	839	1	0	0	11	441	30	5	29	283	37	2
75	Paris	2	2ème circonscription	56	Paris	0702	1297	165	1132	8	2	1122	1	5	0	14	570	38	8	48	375	58	5
75	Paris	2	2ème circonscription	56	Paris	0703	1243	154	1089	4	3	1082	1	5	1	15	584	40	2	28	355	48	3
75	Paris	2	2ème circonscription	56	Paris	0704	1262	182	1080	7	7	1066	1	4	0	11	519	52	5	28	361	78	7
75	Paris	2	2ème circonscription	56	Paris	0705	1329	164	1165	8	2	1155	1	4	1	5	627	40	12	28	363	70	4
75	Paris	2	2ème circonscription	56	Paris	0706	1404	199	1205	11	2	1192	1	1	1	6	598	47	6	42	433	57	0
75	Paris	2	2ème circonscription	56	Paris	0707	1359	161	1198	10	3	1185	1	5	2	5	610	47	1	27	411	71	5
75	Paris	2	2ème circonscription	56	Paris	0708	1494	189	1305	9	3	1293	1	2	1	10	711	53	7	26	408	73	1
75	Paris	2	2ème circonscription	56	Paris	0715	1405	156	1249	8	2	1239	4	5	0	13	583	45	3	64	431	88	3
75	Paris	2	2ème circonscription	56	Paris	0716	1314	165	1149	6	4	1139	2	5	2	19	561	37	7	46	383	74	3
75	Paris	2	2ème circonscription	56	Paris	0717	1266	166	1100	9	8	1083	2	6	0	19	473	56	6	56	377	84	4
75	Paris	2	2ème circonscription	56	Paris	0718	1383	190	1193	6	4	1183	1	5	1	14	505	56	5	72	398	119	7
75	Paris	2	2ème circonscription	56	Paris	0719	1196	151	1045	11	6	1028	0	8	1	16	509	44	6	59	312	69	4
75	Paris	2	2ème circonscription	56	Paris	0720	1314	153	1161	5	4	1152	3	4	2	18	603	46	4	53	339	78	2
75	Paris	2	2ème circonscription	56	Paris	0721	1350	152	1198	8	5	1185	2	4	0	8	751	33	5	38	283	57	4
75	Paris	2	2ème circonscription	56	Paris	0722	1302	179	1123	8	6	1109	1	2	2	11	585	49	7	57	324	71	0
75	Paris	2	2ème circonscription	56	Paris	0723	1200	146	1054	3	4	1047	0	4	1	10	576	26	2	44	337	43	4
75	Paris	2	2ème circonscription	56	Paris	0724	1139	158	981	5	1	975	0	1	1	12	664	17	0	31	222	27	0
75	Paris	2	2ème circonscription	56	Paris	0725	1181	152	1029	7	6	1016	0	3	1	9	636	26	3	37	278	21	2
75	Paris	3	3ème circonscription	56	Paris	1701	1389	181	1208	6	2	1200	1	7	4	15	323	103	3	50	505	185	4
75	Paris	3	3ème circonscription	56	Paris	1702	1423	195	1228	16	6	1206	0	8	1	20	365	107	7	24	521	148	5
75	Paris	3	3ème circonscription	56	Paris	1703	1480	179	1301	12	2	1287	2	10	0	12	341	127	6	44	534	199	12
75	Paris	3	3ème circonscription	56	Paris	1704	1518	216	1302	11	2	1289	3	7	2	13	285	134	9	62	541	228	5
75	Paris	3	3ème circonscription	56	Paris	1705	1430	190	1240	5	3	1232	2	7	0	15	377	113	9	47	521	135	6
75	Paris	3	3ème circonscription	56	Paris	1706	1426	199	1227	8	2	1217	1	5	2	18	447	67	6	31	499	138	3
75	Paris	3	3ème circonscription	56	Paris	1707	1451	172	1279	15	0	1264	2	7	5	17	394	120	2	32	526	154	5
75	Paris	3	3ème circonscription	56	Paris	1708	1510	186	1324	15	4	1305	1	0	2	24	403	93	5	45	592	135	5
75	Paris	3	3ème circonscription	56	Paris	1709	1605	176	1429	16	7	1406	0	5	0	22	391	130	6	50	630	168	4
75	Paris	3	3ème circonscription	56	Paris	1710	1383	189	1194	15	3	1176	2	9	1	16	410	80	8	27	494	123	6
75	Paris	3	3ème circonscription	56	Paris	1711	1432	164	1268	13	3	1252	0	5	3	23	442	93	4	25	517	138	2
75	Paris	3	3ème circonscription	56	Paris	1712	1493	171	1322	12	2	1308	1	5	1	28	484	96	6	40	534	110	3
75	Paris	3	3ème circonscription	56	Paris	1713	1563	241	1322	20	5	1297	4	6	1	19	395	98	4	56	554	154	6
75	Paris	3	3ème circonscription	56	Paris	1714	1556	227	1329	7	0	1322	1	11	5	22	555	82	4	43	461	135	3
75	Paris	3	3ème circonscription	56	Paris	1715	1450	194	1256	11	4	1241	0	13	0	22	531	55	12	65	405	135	3
75	Paris	3	3ème circonscription	56	Paris	1716	1538	292	1246	15	1	1230	8	11	0	40	242	119	5	89	382	322	12
75	Paris	3	3ème circonscription	56	Paris	1717	1480	277	1203	13	6	1184	5	15	4	24	287	104	8	75	368	287	7
75	Paris	3	3ème circonscription	56	Paris	1718	1403	317	1086	14	12	1060	4	15	2	24	196	115	6	86	319	280	13
75	Paris	3	3ème circonscription	56	Paris	1719	1232	371	861	16	6	839	3	13	0	26	119	64	4	77	238	287	8
75	Paris	3	3ème circonscription	56	Paris	1720	1308	356	952	12	6	934	5	28	2	29	143	99	4	101	264	246	13
75	Paris	3	3ème circonscription	56	Paris	1721	1378	275	1103	14	5	1084	3	9	3	24	228	119	6	65	376	245	6
75	Paris	3	3ème circonscription	56	Paris	1722	1211	195	1016	4	5	1007	3	7	3	37	179	120	7	61	367	218	5
75	Paris	3	3ème circonscription	56	Paris	1723	1362	397	965	23	11	931	1	14	4	29	123	90	7	107	210	338	8
75	Paris	3	3ème circonscription	56	Paris	1724	1151	178	973	10	5	958	3	6	2	16	200	102	3	49	380	187	10
75	Paris	3	3ème circonscription	56	Paris	1725	1615	255	1360	12	4	1344	3	9	4	30	217	136	3	98	448	383	13
75	Paris	3	3ème circonscription	56	Paris	1726	1444	244	1200	22	0	1178	2	8	3	21	190	156	4	55	467	260	12
75	Paris	3	3ème circonscription	56	Paris	1727	1561	346	1215	16	11	1188	5	23	2	36	191	135	5	84	395	303	9
75	Paris	3	3ème circonscription	56	Paris	1728	1595	252	1343	10	6	1327	5	11	3	23	355	108	10	72	504	232	4
75	Paris	3	3ème circonscription	56	Paris	1729	1717	243	1474	9	5	1460	3	9	1	11	274	192	6	85	567	301	11
75	Paris	3	3ème circonscription	56	Paris	1730	1377	194	1183	8	2	1173	4	13	2	28	254	135	7	41	447	234	8
75	Paris	3	3ème circonscription	56	Paris	1731	1380	224	1156	10	1	1145	6	12	1	13	261	112	6	60	468	199	7
75	Paris	3	3ème circonscription	56	Paris	1732	1499	221	1278	14	3	1261	8	11	0	13	291	132	4	62	500	228	12
75	Paris	3	3ème circonscription	56	Paris	1733	1455	218	1237	7	3	1227	2	12	2	18	231	157	5	55	497	241	7
75	Paris	3	3ème circonscription	56	Paris	1734	1414	177	1237	6	3	1228	6	7	1	15	259	153	5	52	496	229	5
75	Paris	3	3ème circonscription	56	Paris	1735	1313	184	1129	17	3	1109	3	6	2	13	262	127	7	33	471	178	7
75	Paris	3	3ème circonscription	56	Paris	1838	1598	243	1355	15	5	1335	3	6	0	24	214	187	6	83	499	305	8
75	Paris	3	3ème circonscription	56	Paris	1839	1714	248	1466	18	1	1447	6	7	1	28	277	189	11	60	483	377	8
75	Paris	3	3ème circonscription	56	Paris	1840	1617	221	1396	15	8	1373	2	6	1	27	298	148	7	72	551	251	10
75	Paris	3	3ème circonscription	56	Paris	1841	1644	318	1326	15	2	1309	4	10	4	26	235	148	9	99	439	325	10
75	Paris	3	3ème circonscription	56	Paris	1842	1631	342	1289	24	9	1256	1	18	3	27	192	162	13	94	337	392	17
75	Paris	3	3ème circonscription	56	Paris	1843	1716	355	1361	22	4	1335	7	8	3	40	233	145	4	97	450	343	5
75	Paris	3	3ème circonscription	56	Paris	1844	1347	415	932	15	7	910	8	18	2	22	82	77	2	131	216	333	19
75	Paris	3	3ème circonscription	56	Paris	1845	1506	331	1175	14	11	1150	6	13	0	34	124	155	3	89	324	392	10
75	Paris	3	3ème circonscription	56	Paris	1846	1418	214	1204	9	6	1189	3	11	2	21	234	135	3	61	415	298	6
75	Paris	3	3ème circonscription	56	Paris	1847	1301	203	1098	8	3	1087	2	8	2	12	169	154	6	48	413	265	8
75	Paris	3	3ème circonscription	56	Paris	1848	1264	210	1054	14	4	1036	7	8	2	21	126	172	9	52	289	334	16
75	Paris	3	3ème circonscription	56	Paris	1867	1371	239	1132	10	3	1119	2	16	2	21	159	163	1	52	379	304	20
75	Paris	4	4ème circonscription	56	Paris	1653	1422	214	1208	3	2	1203	0	4	1	16	779	16	2	55	282	47	1
75	Paris	4	4ème circonscription	56	Paris	1654	1389	225	1164	7	1	1156	0	3	0	10	720	26	4	34	301	57	1
75	Paris	4	4ème circonscription	56	Paris	1655	1494	234	1260	7	3	1250	0	3	0	14	817	27	4	53	287	44	1
75	Paris	4	4ème circonscription	56	Paris	1656	1440	244	1196	2	5	1189	1	1	0	10	848	24	2	41	226	36	0
75	Paris	4	4ème circonscription	56	Paris	1657	1462	249	1213	6	4	1203	1	8	1	17	751	31	1	43	285	60	5
75	Paris	4	4ème circonscription	56	Paris	1658	1481	206	1275	9	3	1263	1	4	1	12	851	16	6	39	304	28	1
75	Paris	4	4ème circonscription	56	Paris	1659	1442	195	1247	1	5	1241	2	4	1	12	847	19	6	33	282	34	1
75	Paris	4	4ème circonscription	56	Paris	1660	1442	220	1222	8	5	1209	0	4	0	10	844	20	3	27	271	30	0
75	Paris	4	4ème circonscription	56	Paris	1661	1348	201	1147	10	1	1136	4	3	2	4	717	24	3	56	275	46	2
75	Paris	4	4ème circonscription	56	Paris	1662	1426	193	1233	10	3	1220	0	10	1	13	720	40	4	44	324	64	0
75	Paris	4	4ème circonscription	56	Paris	1663	1434	197	1237	8	2	1227	1	6	0	10	677	30	6	55	369	69	4
75	Paris	4	4ème circonscription	56	Paris	1664	1221	217	1004	7	1	996	1	4	1	12	601	26	3	38	251	56	3
75	Paris	4	4ème circonscription	56	Paris	1665	1353	215	1138	6	2	1130	0	9	1	27	688	33	4	45	279	41	3
75	Paris	4	4ème circonscription	56	Paris	1666	1209	209	1000	6	1	993	0	3	0	7	565	25	4	47	298	42	2
75	Paris	4	4ème circonscription	56	Paris	1667	1328	250	1078	7	1	1070	0	4	2	11	684	25	2	40	260	41	1
75	Paris	4	4ème circonscription	56	Paris	1668	1351	271	1080	7	5	1068	1	7	1	14	626	18	4	67	268	61	1
75	Paris	4	4ème circonscription	56	Paris	1736	1463	280	1183	15	2	1166	1	14	1	27	297	101	4	118	348	252	3
75	Paris	4	4ème circonscription	56	Paris	1737	1485	193	1292	6	2	1284	1	8	1	15	756	38	2	49	341	70	3
75	Paris	4	4ème circonscription	56	Paris	1738	1446	241	1205	18	4	1183	5	9	5	25	415	74	10	106	323	206	5
75	Paris	4	4ème circonscription	56	Paris	1739	1437	315	1122	23	7	1092	5	16	2	44	210	95	14	135	251	308	12
75	Paris	4	4ème circonscription	56	Paris	1740	1472	197	1275	10	4	1261	1	8	1	24	563	82	9	77	342	148	6
75	Paris	4	4ème circonscription	56	Paris	1741	1532	201	1331	8	1	1322	2	8	2	19	722	51	1	48	387	80	2
75	Paris	4	4ème circonscription	56	Paris	1742	1561	181	1380	4	3	1373	2	2	0	16	858	35	2	29	379	50	0
75	Paris	4	4ème circonscription	56	Paris	1743	1436	189	1247	7	4	1236	1	2	1	13	739	36	2	32	368	39	3
75	Paris	4	4ème circonscription	56	Paris	1744	1504	169	1335	1	2	1332	0	4	1	17	747	49	3	40	407	60	4
75	Paris	4	4ème circonscription	56	Paris	1745	1494	201	1293	5	1	1287	0	1	0	13	641	42	3	38	465	82	2
75	Paris	4	4ème circonscription	56	Paris	1746	1476	165	1311	9	4	1298	3	4	1	11	547	88	7	46	471	119	1
75	Paris	4	4ème circonscription	56	Paris	1747	1416	146	1270	4	0	1266	0	3	1	13	722	35	12	41	385	51	3
75	Paris	4	4ème circonscription	56	Paris	1748	1313	166	1147	4	4	1139	2	2	0	9	656	40	1	39	328	62	0
75	Paris	4	4ème circonscription	56	Paris	1749	1351	164	1187	7	2	1178	0	3	1	8	638	46	4	46	380	51	1
75	Paris	4	4ème circonscription	56	Paris	1750	1407	144	1263	3	4	1256	0	5	1	13	729	34	8	22	399	44	1
75	Paris	4	4ème circonscription	56	Paris	1751	1379	171	1208	5	3	1200	0	2	0	11	696	21	7	31	380	49	3
75	Paris	4	4ème circonscription	56	Paris	1752	1464	181	1283	9	5	1269	3	3	1	11	689	39	6	31	401	80	5
75	Paris	4	4ème circonscription	56	Paris	1753	1594	202	1392	7	9	1376	1	14	1	25	713	55	7	72	405	81	2
75	Paris	4	4ème circonscription	56	Paris	1754	1550	209	1341	8	1	1332	1	0	0	11	704	71	7	50	415	73	0
75	Paris	4	4ème circonscription	56	Paris	1755	1579	158	1421	13	6	1402	3	9	2	14	739	42	11	50	446	84	2
75	Paris	4	4ème circonscription	56	Paris	1756	1659	230	1429	12	3	1414	0	6	0	20	624	62	4	54	521	118	5
75	Paris	4	4ème circonscription	56	Paris	1757	1486	267	1219	13	2	1204	0	10	2	23	483	64	7	96	325	190	4
75	Paris	4	4ème circonscription	56	Paris	1758	1462	240	1222	19	3	1200	3	9	4	36	495	62	6	105	312	164	4
75	Paris	4	4ème circonscription	56	Paris	1759	1554	257	1297	7	7	1283	0	6	1	21	674	58	4	73	348	93	5
75	Paris	4	4ème circonscription	56	Paris	1760	1481	212	1269	10	0	1259	2	11	0	21	668	54	6	37	379	79	2
75	Paris	4	4ème circonscription	56	Paris	1761	1474	188	1286	12	1	1273	1	1	1	15	691	27	3	46	410	78	0
75	Paris	4	4ème circonscription	56	Paris	1762	1481	191	1290	13	5	1272	2	4	1	19	674	50	4	32	416	69	1
75	Paris	4	4ème circonscription	56	Paris	1763	1490	221	1269	4	2	1263	2	7	0	22	629	49	5	34	430	83	2
75	Paris	4	4ème circonscription	56	Paris	1764	1453	186	1267	3	2	1262	1	3	2	17	675	55	1	39	384	83	2
75	Paris	4	4ème circonscription	56	Paris	1765	1369	185	1184	8	2	1174	0	3	2	13	662	37	4	26	372	54	1
75	Paris	4	4ème circonscription	56	Paris	1766	1591	223	1368	16	3	1349	0	7	4	15	646	48	4	54	464	104	3
75	Paris	4	4ème circonscription	56	Paris	1767	1617	195	1422	14	0	1408	1	5	0	10	756	56	3	42	443	90	2
75	Paris	5	5ème circonscription	56	Paris	0301	1381	200	1181	8	5	1168	2	7	0	7	247	126	3	43	553	169	11
75	Paris	5	5ème circonscription	56	Paris	0302	1470	217	1253	10	3	1240	5	6	0	17	218	137	6	36	572	237	6
75	Paris	5	5ème circonscription	56	Paris	0303	1264	163	1101	12	4	1085	0	2	0	13	237	126	3	28	518	155	3
75	Paris	5	5ème circonscription	56	Paris	0304	1400	196	1204	6	4	1194	0	4	3	6	247	121	2	40	590	176	5
75	Paris	5	5ème circonscription	56	Paris	0305	1258	139	1119	5	3	1111	9	4	3	8	276	134	7	28	492	149	1
75	Paris	5	5ème circonscription	56	Paris	0306	1427	181	1246	3	2	1241	2	4	1	11	287	134	3	36	571	182	10
75	Paris	5	5ème circonscription	56	Paris	0307	1415	157	1258	7	3	1248	3	12	1	15	335	115	2	35	530	197	3
75	Paris	5	5ème circonscription	56	Paris	0308	1324	185	1139	5	4	1130	2	4	0	5	350	91	7	36	478	152	5
75	Paris	5	5ème circonscription	56	Paris	0309	1645	221	1424	11	2	1411	7	12	2	17	259	153	9	72	606	265	9
75	Paris	5	5ème circonscription	56	Paris	0310	1665	224	1441	17	6	1418	3	15	0	20	279	143	4	55	633	259	7
75	Paris	5	5ème circonscription	56	Paris	0311	1504	205	1299	10	4	1285	3	5	1	15	295	120	4	41	587	206	8
75	Paris	5	5ème circonscription	56	Paris	0312	1405	230	1175	13	9	1153	4	9	0	13	219	110	5	30	530	225	8
75	Paris	5	5ème circonscription	56	Paris	0313	1497	270	1227	10	1	1216	2	8	2	10	195	160	7	45	526	255	6
75	Paris	5	5ème circonscription	56	Paris	0314	1568	221	1347	10	4	1333	4	5	2	16	263	151	5	47	595	238	7
75	Paris	5	5ème circonscription	56	Paris	0315	1454	188	1266	10	4	1252	1	3	0	10	287	142	6	43	544	213	3
75	Paris	5	5ème circonscription	56	Paris	1001	1460	269	1191	16	1	1174	2	11	0	18	191	154	5	33	455	293	12
75	Paris	5	5ème circonscription	56	Paris	1002	1616	257	1359	15	2	1342	3	4	3	12	184	197	4	52	570	305	8
75	Paris	5	5ème circonscription	56	Paris	1003	1475	219	1256	12	4	1240	0	10	2	13	203	206	3	37	494	261	11
75	Paris	5	5ème circonscription	56	Paris	1004	1355	214	1141	16	3	1122	2	11	0	14	166	170	2	39	430	283	5
75	Paris	5	5ème circonscription	56	Paris	1005	1290	169	1121	15	6	1100	2	2	0	7	155	162	2	33	478	252	7
75	Paris	5	5ème circonscription	56	Paris	1006	1391	196	1195	6	2	1187	4	6	0	12	186	156	4	47	505	260	7
75	Paris	5	5ème circonscription	56	Paris	1007	1337	198	1139	4	3	1132	1	17	2	11	155	181	9	33	422	296	5
75	Paris	5	5ème circonscription	56	Paris	1008	1562	261	1301	17	4	1280	4	11	2	16	183	186	5	55	522	285	11
75	Paris	5	5ème circonscription	56	Paris	1009	1558	224	1334	10	2	1322	4	9	1	26	252	152	13	77	537	243	8
75	Paris	5	5ème circonscription	56	Paris	1010	1356	183	1173	17	4	1152	10	8	2	14	135	182	8	23	483	281	6
75	Paris	5	5ème circonscription	56	Paris	1011	1484	229	1255	13	3	1239	6	12	1	21	101	199	5	56	488	342	8
75	Paris	5	5ème circonscription	56	Paris	1012	1472	240	1232	13	8	1211	2	9	2	8	96	200	5	53	444	383	9
75	Paris	5	5ème circonscription	56	Paris	1013	1563	352	1211	13	8	1190	4	8	4	16	85	214	3	43	383	417	13
75	Paris	5	5ème circonscription	56	Paris	1014	1540	270	1270	7	5	1258	3	12	0	8	116	213	10	46	392	445	13
75	Paris	5	5ème circonscription	56	Paris	1015	1352	217	1135	5	7	1123	5	10	2	16	143	166	4	60	385	322	10
75	Paris	5	5ème circonscription	56	Paris	1016	1388	239	1149	14	7	1128	6	9	3	13	127	190	8	55	360	344	13
75	Paris	5	5ème circonscription	56	Paris	1017	1320	273	1047	8	4	1035	2	7	3	19	231	130	11	106	267	253	6
75	Paris	5	5ème circonscription	56	Paris	1018	1404	282	1122	15	3	1104	3	14	0	16	158	136	2	50	411	306	8
75	Paris	5	5ème circonscription	56	Paris	1019	1180	225	955	14	0	941	4	11	3	17	188	116	1	60	283	257	1
75	Paris	5	5ème circonscription	56	Paris	1020	1355	245	1110	14	3	1093	5	11	1	22	138	177	9	53	346	323	8
75	Paris	5	5ème circonscription	56	Paris	1021	1318	272	1046	16	5	1025	2	11	2	17	160	134	5	35	329	321	9
75	Paris	5	5ème circonscription	56	Paris	1022	1361	207	1154	8	2	1144	5	5	0	14	143	196	10	45	407	312	7
75	Paris	5	5ème circonscription	56	Paris	1023	1215	217	998	7	4	987	3	6	2	13	172	134	5	34	360	250	8
75	Paris	5	5ème circonscription	56	Paris	1024	1306	213	1093	18	19	1056	3	8	0	14	159	144	0	46	373	295	14
75	Paris	5	5ème circonscription	56	Paris	1025	1315	210	1105	11	7	1087	2	7	1	13	146	160	7	56	372	313	10
75	Paris	5	5ème circonscription	56	Paris	1026	1238	204	1034	9	3	1022	3	12	1	18	152	145	5	45	351	287	3
75	Paris	5	5ème circonscription	56	Paris	1027	1414	228	1186	16	6	1164	4	11	0	17	151	159	6	40	366	398	12
75	Paris	5	5ème circonscription	56	Paris	1028	1390	223	1167	11	4	1152	3	8	3	10	198	149	9	45	437	277	13
75	Paris	5	5ème circonscription	56	Paris	1029	1382	191	1191	7	0	1184	2	3	0	15	257	130	2	35	505	228	7
75	Paris	5	5ème circonscription	56	Paris	1030	1404	205	1199	9	4	1186	2	8	2	22	247	149	6	48	444	252	6
75	Paris	5	5ème circonscription	56	Paris	1031	1256	207	1049	12	7	1030	1	5	1	16	235	116	4	34	431	181	6
75	Paris	5	5ème circonscription	56	Paris	1032	1250	174	1076	5	5	1066	2	7	0	8	145	145	5	46	388	313	7
75	Paris	5	5ème circonscription	56	Paris	1033	1414	248	1166	11	1	1154	6	6	0	12	175	155	6	37	478	273	6
75	Paris	5	5ème circonscription	56	Paris	1034	1412	222	1190	12	3	1175	1	10	1	19	227	124	4	108	456	221	4
75	Paris	5	5ème circonscription	56	Paris	1035	1288	174	1114	11	4	1099	3	8	2	7	212	133	4	36	461	228	5
75	Paris	5	5ème circonscription	56	Paris	1036	1342	154	1188	4	8	1176	2	7	0	6	167	182	9	32	504	257	10
75	Paris	5	5ème circonscription	56	Paris	1037	1301	197	1104	7	5	1092	1	7	3	15	174	145	5	24	440	273	5
75	Paris	5	5ème circonscription	56	Paris	1038	1519	210	1309	8	5	1296	3	3	2	17	215	186	3	27	591	246	3
75	Paris	5	5ème circonscription	56	Paris	1039	1593	270	1323	17	8	1298	5	7	1	25	196	170	3	33	532	320	6
75	Paris	6	6ème circonscription	56	Paris	1127	1626	193	1433	10	3	1420	7	7	1	20	157	246	9	39	591	333	10
75	Paris	6	6ème circonscription	56	Paris	1128	1607	230	1377	17	1	1359	5	10	3	11	167	197	4	41	533	380	8
75	Paris	6	6ème circonscription	56	Paris	1129	1677	272	1405	12	3	1390	4	11	2	20	140	213	1	52	529	413	5
75	Paris	6	6ème circonscription	56	Paris	1130	1808	282	1526	22	6	1498	3	7	0	21	158	251	10	45	520	470	13
75	Paris	6	6ème circonscription	56	Paris	1131	1766	410	1356	11	8	1337	2	25	2	14	113	187	7	54	399	518	16
75	Paris	6	6ème circonscription	56	Paris	1132	1847	382	1465	19	9	1437	6	17	2	11	144	247	8	41	423	524	14
75	Paris	6	6ème circonscription	56	Paris	1133	1761	241	1520	16	4	1500	7	6	2	21	190	234	7	52	580	391	10
75	Paris	6	6ème circonscription	56	Paris	1134	1678	301	1377	16	8	1353	2	13	2	25	160	203	7	85	445	400	11
75	Paris	6	6ème circonscription	56	Paris	1135	1631	210	1421	14	5	1402	0	14	1	14	255	188	4	49	581	283	13
75	Paris	6	6ème circonscription	56	Paris	1136	1655	241	1414	20	4	1390	4	9	1	20	179	217	4	55	581	314	6
75	Paris	6	6ème circonscription	56	Paris	1137	1583	211	1372	12	3	1357	4	13	2	9	297	198	5	41	502	280	6
75	Paris	6	6ème circonscription	56	Paris	1138	1696	250	1446	15	3	1428	3	9	1	19	195	191	7	59	580	346	18
75	Paris	6	6ème circonscription	56	Paris	1139	1392	213	1179	14	9	1156	5	10	3	16	185	154	4	52	391	319	17
75	Paris	6	6ème circonscription	56	Paris	1140	1515	263	1252	20	8	1224	4	11	3	19	184	162	9	91	424	311	6
75	Paris	6	6ème circonscription	56	Paris	1141	1715	325	1390	17	8	1365	10	8	1	27	191	182	9	104	413	412	8
75	Paris	6	6ème circonscription	56	Paris	1142	1519	303	1216	15	11	1190	11	7	2	19	154	166	7	90	375	346	13
75	Paris	6	6ème circonscription	56	Paris	1143	1733	290	1443	15	6	1422	7	16	2	14	193	215	6	70	548	340	11
75	Paris	6	6ème circonscription	56	Paris	1144	1690	243	1447	9	6	1432	3	7	0	21	235	209	5	56	560	325	11
75	Paris	6	6ème circonscription	56	Paris	1145	1573	257	1316	9	0	1307	4	6	1	32	283	135	5	66	531	238	6
75	Paris	6	6ème circonscription	56	Paris	1146	1727	312	1415	20	4	1391	3	18	2	19	238	183	14	83	381	433	17
75	Paris	6	6ème circonscription	56	Paris	1147	1717	275	1442	23	4	1415	6	6	1	36	247	201	11	76	486	335	10
75	Paris	6	6ème circonscription	56	Paris	1148	1717	228	1489	10	3	1476	5	16	2	24	373	157	1	47	577	264	10
75	Paris	6	6ème circonscription	56	Paris	1149	1709	208	1501	5	4	1492	2	3	2	22	306	202	8	84	500	354	9
75	Paris	6	6ème circonscription	56	Paris	1150	1669	210	1459	13	5	1441	4	10	3	22	277	177	4	50	566	320	8
75	Paris	6	6ème circonscription	56	Paris	1151	1670	247	1423	14	2	1407	2	5	1	21	278	195	5	56	581	257	6
75	Paris	6	6ème circonscription	56	Paris	1152	1735	240	1495	17	3	1475	3	5	2	19	220	220	9	54	595	335	13
75	Paris	6	6ème circonscription	56	Paris	1153	1707	189	1518	12	2	1504	3	11	1	27	288	225	8	55	592	286	8
75	Paris	6	6ème circonscription	56	Paris	1154	1621	281	1340	12	10	1318	2	13	3	19	288	174	6	57	482	259	15
75	Paris	6	6ème circonscription	56	Paris	1155	1627	243	1384	21	6	1357	2	7	2	17	228	203	5	50	540	297	6
75	Paris	6	6ème circonscription	56	Paris	2058	1605	236	1369	19	9	1341	4	11	2	16	147	244	3	43	454	402	15
75	Paris	6	6ème circonscription	56	Paris	2059	1689	271	1418	11	5	1402	1	5	2	21	171	208	8	59	478	433	16
75	Paris	6	6ème circonscription	56	Paris	2060	1326	210	1116	12	6	1098	4	2	0	21	155	166	3	48	376	308	15
75	Paris	6	6ème circonscription	56	Paris	2061	1388	251	1137	8	3	1126	5	8	0	13	113	176	6	52	361	384	8
75	Paris	6	6ème circonscription	56	Paris	2062	1473	315	1158	13	11	1134	10	11	1	21	114	164	5	82	279	429	18
75	Paris	6	6ème circonscription	56	Paris	2063	1420	345	1075	20	5	1050	3	14	2	22	87	126	6	89	285	403	13
75	Paris	6	6ème circonscription	56	Paris	2064	1184	235	949	7	2	940	3	7	1	19	123	145	2	60	312	264	4
75	Paris	6	6ème circonscription	56	Paris	2065	1234	182	1052	12	3	1037	3	6	1	10	144	154	6	56	344	300	13
75	Paris	6	6ème circonscription	56	Paris	2066	1199	210	989	7	1	981	4	6	3	19	140	137	4	61	340	262	5
75	Paris	6	6ème circonscription	56	Paris	2067	1321	284	1037	10	8	1019	5	7	2	13	86	153	8	54	320	363	8
75	Paris	6	6ème circonscription	56	Paris	2068	1398	279	1119	11	10	1098	8	2	4	18	83	145	4	50	315	452	17
75	Paris	6	6ème circonscription	56	Paris	2069	1398	281	1117	21	5	1091	2	14	1	20	100	181	6	59	298	400	10
75	Paris	6	6ème circonscription	56	Paris	2070	1674	293	1381	17	3	1361	6	8	1	11	170	197	12	77	406	460	13
75	Paris	6	6ème circonscription	56	Paris	2071	1655	313	1342	14	4	1324	6	13	1	21	105	207	3	57	376	522	13
75	Paris	6	6ème circonscription	56	Paris	2072	1591	308	1283	19	7	1257	5	7	1	15	95	197	8	57	302	555	15
75	Paris	6	6ème circonscription	56	Paris	2073	1555	250	1305	8	2	1295	5	12	2	15	110	212	2	46	393	484	14
75	Paris	6	6ème circonscription	56	Paris	2074	1613	258	1355	7	16	1332	6	7	2	5	111	219	12	51	376	529	14
75	Paris	6	6ème circonscription	56	Paris	2075	1702	436	1266	20	5	1241	2	17	3	14	132	141	7	57	313	536	19
75	Paris	6	6ème circonscription	56	Paris	2076	1815	405	1410	20	8	1382	10	17	1	17	98	235	1	49	341	595	18
75	Paris	7	7ème circonscription	56	Paris	0401	1243	226	1017	15	3	999	4	9	4	12	274	93	7	69	337	187	3
75	Paris	7	7ème circonscription	56	Paris	0402	1117	163	954	12	1	941	4	8	3	14	223	101	8	37	387	148	8
75	Paris	7	7ème circonscription	56	Paris	0403	1367	210	1157	4	6	1147	4	6	1	14	263	123	2	40	475	216	3
75	Paris	7	7ème circonscription	56	Paris	0404	1283	174	1109	16	6	1087	0	9	4	23	233	122	10	64	419	197	6
75	Paris	7	7ème circonscription	56	Paris	0405	1417	155	1262	5	1	1256	3	5	1	12	367	102	9	55	532	164	6
75	Paris	7	7ème circonscription	56	Paris	0406	1660	223	1437	11	5	1421	2	7	1	16	366	125	9	51	650	186	8
75	Paris	7	7ème circonscription	56	Paris	0407	1313	191	1122	6	3	1113	0	5	0	19	319	92	4	70	457	141	6
75	Paris	7	7ème circonscription	56	Paris	0408	1513	219	1294	11	7	1276	2	8	2	27	317	120	7	122	464	198	9
75	Paris	7	7ème circonscription	56	Paris	0409	1022	131	891	5	8	878	2	8	2	12	324	53	3	23	342	106	3
75	Paris	7	7ème circonscription	56	Paris	0410	1028	158	870	8	7	855	2	8	1	13	332	51	4	42	303	96	3
75	Paris	7	7ème circonscription	56	Paris	0411	1007	164	843	8	0	835	1	6	1	15	197	83	4	31	370	123	4
75	Paris	7	7ème circonscription	56	Paris	0412	1208	159	1049	5	5	1039	5	6	2	13	234	93	6	37	465	174	4
75	Paris	7	7ème circonscription	56	Paris	0413	1551	228	1323	16	3	1304	6	6	0	14	269	133	8	63	547	245	13
75	Paris	7	7ème circonscription	56	Paris	0414	1187	221	966	8	3	955	1	5	1	10	238	79	2	31	434	148	6
75	Paris	7	7ème circonscription	56	Paris	1101	1749	230	1519	13	6	1500	1	8	2	30	235	204	5	50	547	414	4
75	Paris	7	7ème circonscription	56	Paris	1102	1594	221	1373	9	5	1359	3	7	0	19	262	179	5	42	558	278	6
75	Paris	7	7ème circonscription	56	Paris	1103	1491	252	1239	11	9	1219	3	12	0	28	154	187	2	82	390	346	15
75	Paris	7	7ème circonscription	56	Paris	1104	1642	245	1397	14	1	1382	5	10	2	21	251	186	3	42	519	335	8
75	Paris	7	7ème circonscription	56	Paris	1105	1641	218	1423	11	2	1410	4	8	3	21	209	206	7	56	551	339	6
75	Paris	7	7ème circonscription	56	Paris	1106	1605	229	1376	7	1	1368	5	10	2	25	203	190	3	44	546	332	8
75	Paris	7	7ème circonscription	56	Paris	1107	1484	229	1255	10	5	1240	2	5	0	16	218	142	3	45	510	293	6
75	Paris	7	7ème circonscription	56	Paris	1108	1461	228	1233	15	1	1217	6	8	2	13	173	180	2	45	463	318	7
75	Paris	7	7ème circonscription	56	Paris	1109	1551	221	1330	13	6	1311	2	5	2	25	176	164	3	55	584	282	13
75	Paris	7	7ème circonscription	56	Paris	1110	1526	229	1297	20	6	1271	3	10	0	25	204	136	12	70	511	290	10
75	Paris	7	7ème circonscription	56	Paris	1111	1696	240	1456	18	3	1435	2	5	3	15	185	168	8	52	631	354	12
75	Paris	7	7ème circonscription	56	Paris	1112	1548	193	1355	12	5	1338	6	8	3	10	178	195	6	45	559	319	9
75	Paris	7	7ème circonscription	56	Paris	1113	1630	231	1399	17	4	1378	1	7	1	16	195	192	11	50	570	325	10
75	Paris	7	7ème circonscription	56	Paris	1114	1689	235	1454	21	4	1429	9	14	1	13	206	207	4	51	570	350	4
75	Paris	7	7ème circonscription	56	Paris	1115	1638	222	1416	18	5	1393	1	11	0	11	271	186	4	39	647	210	13
75	Paris	7	7ème circonscription	56	Paris	1116	1494	193	1301	9	4	1288	0	6	1	21	350	111	3	31	559	200	6
75	Paris	7	7ème circonscription	56	Paris	1117	1470	166	1304	9	4	1291	1	4	0	9	266	135	3	51	606	212	4
75	Paris	7	7ème circonscription	56	Paris	1118	1434	205	1229	12	1	1216	2	7	2	19	200	148	8	43	490	287	10
75	Paris	7	7ème circonscription	56	Paris	1119	1458	208	1250	16	4	1230	2	8	1	16	233	150	2	56	496	252	14
75	Paris	7	7ème circonscription	56	Paris	1120	1588	238	1350	15	3	1332	4	9	0	14	214	140	5	39	620	274	13
75	Paris	7	7ème circonscription	56	Paris	1121	1509	212	1297	9	7	1281	3	9	0	23	251	156	6	41	519	261	12
75	Paris	7	7ème circonscription	56	Paris	1122	1623	244	1379	12	3	1364	3	14	2	22	210	169	9	55	581	291	8
75	Paris	7	7ème circonscription	56	Paris	1123	1665	233	1432	17	2	1413	5	12	2	18	204	201	12	48	577	323	11
75	Paris	7	7ème circonscription	56	Paris	1124	1735	249	1486	15	9	1462	2	7	0	21	279	191	9	43	602	301	7
75	Paris	7	7ème circonscription	56	Paris	1125	1680	237	1443	13	5	1425	1	10	1	21	203	201	7	60	598	310	13
75	Paris	7	7ème circonscription	56	Paris	1126	1688	225	1463	11	10	1442	2	9	2	16	283	191	9	46	581	298	5
75	Paris	7	7ème circonscription	56	Paris	1251	1451	259	1192	14	12	1166	3	13	2	21	255	109	9	57	417	274	6
75	Paris	7	7ème circonscription	56	Paris	1252	1240	173	1067	7	0	1060	2	5	0	15	270	109	6	39	429	180	5
75	Paris	7	7ème circonscription	56	Paris	1253	1566	206	1360	9	6	1345	4	6	1	12	293	156	6	37	575	243	12
75	Paris	7	7ème circonscription	56	Paris	1254	1424	290	1134	10	6	1118	14	15	2	22	231	144	7	91	364	221	7
75	Paris	7	7ème circonscription	56	Paris	1255	1478	206	1272	13	5	1254	4	7	1	21	219	174	10	53	452	306	7
75	Paris	7	7ème circonscription	56	Paris	1256	1459	196	1263	14	4	1245	1	14	3	13	188	174	9	42	508	285	8
75	Paris	7	7ème circonscription	56	Paris	1257	1451	206	1245	18	7	1220	4	8	1	25	148	192	5	40	478	312	7
75	Paris	7	7ème circonscription	56	Paris	1258	1425	208	1217	6	0	1211	4	4	0	16	209	168	9	60	471	263	7
75	Paris	7	7ème circonscription	56	Paris	1259	1236	188	1048	9	4	1035	4	5	2	14	236	100	1	52	399	217	5
75	Paris	7	7ème circonscription	56	Paris	1260	1352	221	1131	6	3	1122	6	7	6	15	156	154	9	72	399	284	14
75	Paris	7	7ème circonscription	56	Paris	1262	1451	189	1262	9	2	1251	1	4	1	14	196	190	9	42	509	273	12
75	Paris	7	7ème circonscription	56	Paris	1263	1303	235	1068	18	3	1047	2	19	0	27	171	122	10	54	381	250	11
75	Paris	8	8ème circonscription	56	Paris	1201	1199	201	998	13	5	980	1	7	1	20	188	136	3	42	372	200	10
75	Paris	8	8ème circonscription	56	Paris	1202	1354	201	1153	20	0	1133	2	5	0	20	227	143	7	52	410	258	9
75	Paris	8	8ème circonscription	56	Paris	1203	1376	222	1154	12	4	1138	1	7	6	23	283	132	8	43	430	202	3
75	Paris	8	8ème circonscription	56	Paris	1204	1473	239	1234	17	3	1214	6	7	0	35	302	123	1	48	454	226	12
75	Paris	8	8ème circonscription	56	Paris	1205	1432	258	1174	15	4	1155	4	3	1	27	334	108	5	53	441	171	8
75	Paris	8	8ème circonscription	56	Paris	1206	1532	261	1271	7	8	1256	7	16	1	28	295	135	6	87	433	241	7
75	Paris	8	8ème circonscription	56	Paris	1207	1468	176	1292	16	2	1274	2	4	1	20	350	122	7	53	521	187	7
75	Paris	8	8ème circonscription	56	Paris	1208	1428	229	1199	15	7	1177	5	6	3	22	262	131	9	70	425	240	4
75	Paris	8	8ème circonscription	56	Paris	1209	1453	260	1193	24	14	1155	4	13	8	31	173	122	8	100	317	366	13
75	Paris	8	8ème circonscription	56	Paris	1210	1455	238	1217	11	4	1202	3	9	3	23	244	158	5	64	406	281	6
75	Paris	8	8ème circonscription	56	Paris	1211	1364	215	1149	6	9	1134	6	6	1	24	256	147	4	91	383	210	6
75	Paris	8	8ème circonscription	56	Paris	1212	1462	214	1248	13	3	1232	6	10	1	37	208	132	6	89	466	270	7
75	Paris	8	8ème circonscription	56	Paris	1213	1450	217	1233	7	6	1220	4	10	1	13	254	139	8	46	509	228	8
75	Paris	8	8ème circonscription	56	Paris	1214	1405	244	1161	10	2	1149	1	11	5	31	322	103	2	75	388	204	7
75	Paris	8	8ème circonscription	56	Paris	1215	1503	235	1268	17	5	1246	2	11	2	25	234	149	7	73	438	297	8
75	Paris	8	8ème circonscription	56	Paris	1216	1348	179	1169	8	5	1156	1	6	0	12	365	129	10	51	424	154	4
75	Paris	8	8ème circonscription	56	Paris	1217	1325	187	1138	11	2	1125	1	9	0	21	362	90	5	40	422	172	3
75	Paris	8	8ème circonscription	56	Paris	1218	1335	188	1147	6	4	1137	3	6	3	13	269	137	9	43	393	252	9
75	Paris	8	8ème circonscription	56	Paris	1219	1548	302	1246	13	8	1225	5	8	4	34	228	124	7	95	423	287	10
75	Paris	8	8ème circonscription	56	Paris	1220	1403	205	1198	14	2	1182	2	5	1	26	267	131	6	51	459	225	9
75	Paris	8	8ème circonscription	56	Paris	1221	1573	219	1354	13	5	1336	2	12	4	39	308	153	4	80	448	278	8
75	Paris	8	8ème circonscription	56	Paris	1222	1472	308	1164	7	4	1153	1	8	3	13	194	133	10	88	366	331	6
75	Paris	8	8ème circonscription	56	Paris	1223	1420	286	1134	14	7	1113	5	2	0	29	252	92	8	54	400	261	10
75	Paris	8	8ème circonscription	56	Paris	1224	1415	238	1177	13	4	1160	2	11	5	29	179	167	8	72	424	259	4
75	Paris	8	8ème circonscription	56	Paris	1225	1504	241	1263	14	8	1241	5	10	3	37	289	130	7	64	427	264	5
75	Paris	8	8ème circonscription	56	Paris	1226	1412	222	1190	20	6	1164	6	7	2	35	274	142	8	63	413	207	7
75	Paris	8	8ème circonscription	56	Paris	1227	1384	199	1185	12	6	1167	3	13	2	27	210	168	10	63	389	276	6
75	Paris	8	8ème circonscription	56	Paris	1228	1407	246	1161	19	5	1137	4	12	1	28	237	109	8	118	339	275	6
75	Paris	8	8ème circonscription	56	Paris	1229	1372	263	1109	19	5	1085	1	17	2	25	252	113	8	91	371	192	13
75	Paris	8	8ème circonscription	56	Paris	1230	1387	185	1202	7	3	1192	3	15	1	26	348	108	7	47	463	172	2
75	Paris	8	8ème circonscription	56	Paris	1231	1448	188	1260	10	5	1245	3	3	4	25	296	133	4	51	470	249	7
75	Paris	8	8ème circonscription	56	Paris	1232	1467	200	1267	9	5	1253	4	10	0	36	341	153	7	58	443	194	7
75	Paris	8	8ème circonscription	56	Paris	1233	1528	279	1249	26	4	1219	5	9	1	36	267	135	9	80	443	219	15
75	Paris	8	8ème circonscription	56	Paris	1234	1531	212	1319	13	7	1299	5	11	3	43	290	133	3	77	521	208	5
75	Paris	8	8ème circonscription	56	Paris	1235	1477	189	1288	12	4	1272	1	3	3	23	373	109	14	51	504	184	7
75	Paris	8	8ème circonscription	56	Paris	1236	1415	264	1151	11	5	1135	4	12	0	37	240	131	7	109	368	220	7
75	Paris	8	8ème circonscription	56	Paris	1237	1325	211	1114	29	0	1085	3	9	4	33	183	126	5	76	348	289	9
75	Paris	8	8ème circonscription	56	Paris	1238	1570	254	1316	9	6	1301	6	9	2	49	246	149	5	105	444	278	8
75	Paris	8	8ème circonscription	56	Paris	1239	1248	193	1055	8	5	1042	2	11	1	38	234	105	9	62	370	201	9
75	Paris	8	8ème circonscription	56	Paris	1240	1232	163	1069	13	6	1050	2	13	1	30	194	125	9	69	401	198	8
75	Paris	8	8ème circonscription	56	Paris	1241	1260	148	1112	11	1	1100	0	1	0	22	306	133	12	51	402	169	4
75	Paris	8	8ème circonscription	56	Paris	1242	1305	208	1097	12	1	1084	6	10	3	27	214	152	5	69	373	218	7
75	Paris	8	8ème circonscription	56	Paris	1243	1207	226	981	16	7	958	3	16	0	39	176	88	10	130	281	203	12
75	Paris	8	8ème circonscription	56	Paris	1244	1497	251	1246	13	1	1232	5	11	3	17	270	145	7	99	412	253	10
75	Paris	8	8ème circonscription	56	Paris	1245	1280	279	1001	12	3	986	5	17	3	24	155	100	13	108	279	273	9
75	Paris	8	8ème circonscription	56	Paris	1246	1501	242	1259	15	4	1240	3	16	4	26	237	135	7	62	450	289	11
75	Paris	8	8ème circonscription	56	Paris	1247	1426	269	1157	9	24	1124	7	8	1	26	224	113	8	94	357	277	9
75	Paris	8	8ème circonscription	56	Paris	1248	1521	274	1247	13	3	1231	1	20	3	26	206	144	11	97	373	342	8
75	Paris	8	8ème circonscription	56	Paris	1249	1540	258	1282	11	4	1267	8	10	4	37	209	160	7	72	491	257	12
75	Paris	8	8ème circonscription	56	Paris	1250	1551	245	1306	10	4	1292	4	6	3	27	221	155	6	68	427	365	10
75	Paris	8	8ème circonscription	56	Paris	1261	1516	225	1291	12	6	1273	4	9	0	28	240	161	9	101	441	275	5
75	Paris	8	8ème circonscription	56	Paris	1264	1203	135	1068	12	6	1050	0	5	3	24	258	131	6	51	408	158	6
75	Paris	8	8ème circonscription	56	Paris	2052	1348	213	1135	11	5	1119	3	5	1	30	159	159	7	77	374	290	14
75	Paris	8	8ème circonscription	56	Paris	2053	1372	202	1170	18	2	1150	5	7	4	28	196	165	5	53	401	281	5
75	Paris	8	8ème circonscription	56	Paris	2054	1491	387	1104	20	12	1072	12	24	1	18	115	139	5	90	244	408	16
75	Paris	8	8ème circonscription	56	Paris	2055	1459	350	1109	24	20	1065	9	16	2	32	131	112	9	130	286	330	8
75	Paris	8	8ème circonscription	56	Paris	2056	1374	331	1043	16	8	1019	4	18	1	19	180	103	8	74	295	305	12
75	Paris	8	8ème circonscription	56	Paris	2057	1405	239	1166	12	4	1150	5	5	2	24	223	127	4	41	409	303	7
75	Paris	9	9ème circonscription	56	Paris	1301	1643	212	1431	13	3	1415	2	14	0	23	310	187	1	42	567	260	9
75	Paris	9	9ème circonscription	56	Paris	1302	1396	206	1190	14	6	1170	7	12	1	23	200	133	4	53	448	279	10
75	Paris	9	9ème circonscription	56	Paris	1303	1655	308	1347	12	12	1323	6	16	3	20	189	187	15	97	461	322	7
75	Paris	9	9ème circonscription	56	Paris	1304	1167	234	933	18	3	912	6	8	2	26	149	104	8	81	263	252	13
75	Paris	9	9ème circonscription	56	Paris	1305	1535	251	1284	14	8	1262	5	15	3	26	227	158	3	74	475	271	5
75	Paris	9	9ème circonscription	56	Paris	1306	1208	166	1042	15	9	1018	5	7	3	16	180	121	7	58	386	228	7
75	Paris	9	9ème circonscription	56	Paris	1307	1631	312	1319	14	10	1295	4	8	0	33	215	152	8	77	453	328	17
75	Paris	9	9ème circonscription	56	Paris	1308	1458	258	1200	10	8	1182	5	12	3	26	210	136	5	61	414	295	15
75	Paris	9	9ème circonscription	56	Paris	1309	1319	277	1042	11	8	1023	3	9	4	22	145	127	6	95	307	293	12
75	Paris	9	9ème circonscription	56	Paris	1310	1289	220	1069	17	6	1046	5	10	0	37	172	98	9	116	333	258	8
75	Paris	9	9ème circonscription	56	Paris	1311	1471	315	1156	18	8	1130	4	12	3	28	190	110	9	86	359	314	15
75	Paris	9	9ème circonscription	56	Paris	1312	1478	273	1205	14	10	1181	3	11	3	28	211	139	3	110	344	309	20
75	Paris	9	9ème circonscription	56	Paris	1313	1663	268	1395	27	5	1363	3	14	2	34	238	167	12	51	509	321	12
75	Paris	9	9ème circonscription	56	Paris	1314	1438	284	1154	23	11	1120	8	11	3	33	161	118	10	119	313	330	14
75	Paris	9	9ème circonscription	56	Paris	1315	1707	355	1352	18	7	1327	9	17	4	28	247	135	13	108	441	316	9
75	Paris	9	9ème circonscription	56	Paris	1316	1901	345	1556	21	10	1525	7	19	4	49	231	191	6	100	473	423	22
75	Paris	9	9ème circonscription	56	Paris	1317	1645	268	1377	15	6	1356	4	18	4	36	293	129	12	81	470	300	9
75	Paris	9	9ème circonscription	56	Paris	1318	1508	299	1209	17	6	1186	4	12	7	26	188	155	14	76	322	375	7
75	Paris	9	9ème circonscription	56	Paris	1319	1796	397	1399	15	10	1374	9	17	3	27	328	147	12	93	429	301	8
75	Paris	9	9ème circonscription	56	Paris	1320	1832	420	1412	16	12	1384	5	18	2	31	330	122	6	125	402	330	13
75	Paris	9	9ème circonscription	56	Paris	1321	1555	305	1250	16	7	1227	2	12	3	32	318	98	7	160	343	235	17
75	Paris	9	9ème circonscription	56	Paris	1322	1563	385	1178	23	10	1145	10	15	5	40	150	109	11	155	309	327	14
75	Paris	9	9ème circonscription	56	Paris	1323	1441	246	1195	9	8	1178	5	13	2	21	177	159	6	93	329	360	13
75	Paris	9	9ème circonscription	56	Paris	1324	1453	249	1204	17	12	1175	4	10	2	31	130	138	6	94	373	379	8
75	Paris	9	9ème circonscription	56	Paris	1325	1688	428	1260	28	14	1218	7	22	2	26	162	126	7	115	333	403	15
75	Paris	9	9ème circonscription	56	Paris	1326	1628	243	1385	15	11	1359	5	18	2	35	206	177	11	85	466	347	7
75	Paris	9	9ème circonscription	56	Paris	1327	1821	294	1527	23	13	1491	3	9	5	37	166	191	6	114	548	398	14
75	Paris	9	9ème circonscription	56	Paris	1328	1739	245	1494	16	2	1476	5	14	3	37	204	166	18	101	578	336	14
75	Paris	9	9ème circonscription	56	Paris	1329	1306	298	1008	16	6	986	6	13	4	26	151	120	5	100	253	296	12
75	Paris	9	9ème circonscription	56	Paris	1330	1640	283	1357	19	8	1330	4	17	1	25	214	185	5	97	405	365	12
75	Paris	9	9ème circonscription	56	Paris	1331	1366	190	1176	6	4	1166	5	8	1	30	223	120	7	59	465	241	7
75	Paris	9	9ème circonscription	56	Paris	1332	1691	305	1386	18	10	1358	9	15	2	35	197	172	9	89	384	422	24
75	Paris	9	9ème circonscription	56	Paris	1333	671	162	509	13	4	492	2	7	0	14	46	58	4	28	136	193	4
75	Paris	9	9ème circonscription	56	Paris	1334	1733	207	1526	13	7	1506	4	21	6	31	225	193	11	75	542	380	18
75	Paris	9	9ème circonscription	56	Paris	1360	1611	283	1328	14	7	1307	6	7	0	25	241	188	10	75	449	297	9
75	Paris	9	9ème circonscription	56	Paris	1361	1530	211	1319	10	7	1302	3	12	4	16	239	168	8	51	531	261	9
75	Paris	9	9ème circonscription	56	Paris	1362	1708	220	1488	28	4	1456	11	7	0	23	317	183	6	53	618	227	11
75	Paris	9	9ème circonscription	56	Paris	1363	1390	153	1237	13	1	1223	3	4	4	14	320	119	5	32	512	200	10
75	Paris	9	9ème circonscription	56	Paris	1364	1456	214	1242	19	4	1219	3	11	2	29	205	148	4	62	506	242	7
75	Paris	9	9ème circonscription	56	Paris	1365	1682	201	1481	11	5	1465	4	10	0	16	305	186	5	41	627	260	11
75	Paris	9	9ème circonscription	56	Paris	1366	1661	208	1453	10	6	1437	4	13	0	25	321	167	6	69	558	266	8
75	Paris	9	9ème circonscription	56	Paris	1367	1498	225	1273	14	5	1254	1	14	1	18	269	152	3	40	482	266	8
75	Paris	9	9ème circonscription	56	Paris	1368	1437	213	1224	14	5	1205	6	16	2	17	122	166	10	74	447	336	9
75	Paris	9	9ème circonscription	56	Paris	1370	1166	150	1016	17	7	992	2	8	3	15	142	104	11	57	371	270	9
75	Paris	9	9ème circonscription	56	Paris	1371	1169	117	1052	14	4	1034	5	14	3	22	129	130	3	81	353	286	8
75	Paris	10	10ème circonscription	56	Paris	1335	1234	248	986	6	2	978	3	14	2	25	182	109	6	64	316	249	8
75	Paris	10	10ème circonscription	56	Paris	1336	1385	203	1182	15	3	1164	3	14	0	23	233	134	1	48	455	243	10
75	Paris	10	10ème circonscription	56	Paris	1337	1731	371	1360	21	10	1329	7	18	1	38	171	149	19	115	422	377	12
75	Paris	10	10ème circonscription	56	Paris	1338	1359	264	1095	13	9	1073	1	15	3	26	317	73	5	63	368	191	11
75	Paris	10	10ème circonscription	56	Paris	1339	1780	344	1436	28	5	1403	6	19	2	25	269	166	5	84	447	366	14
75	Paris	10	10ème circonscription	56	Paris	1340	1650	237	1413	15	3	1395	2	12	2	20	241	179	9	64	579	280	7
75	Paris	10	10ème circonscription	56	Paris	1341	1767	292	1475	18	4	1453	6	21	3	29	182	181	15	89	461	456	10
75	Paris	10	10ème circonscription	56	Paris	1342	1493	337	1156	14	6	1136	7	14	1	37	127	159	8	103	308	363	9
75	Paris	10	10ème circonscription	56	Paris	1343	1726	295	1431	16	14	1401	7	18	1	26	218	159	9	68	504	381	10
75	Paris	10	10ème circonscription	56	Paris	1344	1466	370	1096	15	10	1071	5	13	1	28	167	136	5	94	292	320	10
75	Paris	10	10ème circonscription	56	Paris	1345	1354	301	1053	11	6	1036	3	15	1	20	151	100	7	98	307	319	15
75	Paris	10	10ème circonscription	56	Paris	1346	1693	327	1366	24	11	1331	8	14	7	72	196	140	9	220	362	289	14
75	Paris	10	10ème circonscription	56	Paris	1347	1759	248	1511	11	6	1494	7	13	1	33	279	186	8	73	586	296	12
75	Paris	10	10ème circonscription	56	Paris	1348	1662	301	1361	8	10	1343	5	14	4	23	215	176	7	76	501	310	12
75	Paris	10	10ème circonscription	56	Paris	1349	1648	233	1415	15	5	1395	6	10	1	24	246	187	9	39	551	314	8
75	Paris	10	10ème circonscription	56	Paris	1350	1647	203	1444	12	2	1430	8	16	2	21	249	178	2	48	561	331	14
75	Paris	10	10ème circonscription	56	Paris	1351	1690	250	1440	18	5	1417	5	10	3	29	271	163	8	50	553	321	4
75	Paris	10	10ème circonscription	56	Paris	1352	1384	174	1210	5	8	1197	3	13	3	25	228	145	9	63	463	238	7
75	Paris	10	10ème circonscription	56	Paris	1353	1289	251	1038	14	3	1021	4	18	2	14	153	129	5	80	340	268	8
75	Paris	10	10ème circonscription	56	Paris	1354	1642	235	1407	14	6	1387	8	17	4	32	218	200	6	78	499	319	6
75	Paris	10	10ème circonscription	56	Paris	1355	1266	235	1031	11	4	1016	2	9	0	23	183	85	7	89	359	247	12
75	Paris	10	10ème circonscription	56	Paris	1356	1586	234	1352	15	3	1334	7	13	2	17	273	163	5	58	474	312	10
75	Paris	10	10ème circonscription	56	Paris	1357	1543	232	1311	12	6	1293	5	13	2	14	215	169	6	80	441	335	13
75	Paris	10	10ème circonscription	56	Paris	1358	1563	213	1350	16	5	1329	5	14	2	16	235	179	6	59	513	291	9
75	Paris	10	10ème circonscription	56	Paris	1359	1760	273	1487	19	3	1465	8	13	3	23	283	174	10	83	541	321	6
75	Paris	10	10ème circonscription	56	Paris	1369	1395	220	1175	15	5	1155	1	9	0	18	234	153	7	56	429	246	2
75	Paris	10	10ème circonscription	56	Paris	1440	1552	213	1339	14	6	1319	3	12	3	19	307	133	9	59	511	251	12
75	Paris	10	10ème circonscription	56	Paris	1441	1532	225	1307	9	3	1295	3	7	5	18	324	146	6	35	522	226	3
75	Paris	10	10ème circonscription	56	Paris	1442	1574	243	1331	10	4	1317	0	5	0	27	282	188	8	80	482	236	9
75	Paris	10	10ème circonscription	56	Paris	1443	1493	195	1298	14	3	1281	4	11	2	30	308	163	9	59	464	228	3
75	Paris	10	10ème circonscription	56	Paris	1444	1448	275	1173	19	7	1147	2	14	2	33	228	132	7	93	334	291	11
75	Paris	10	10ème circonscription	56	Paris	1445	1502	288	1214	13	7	1194	6	12	0	23	211	166	3	87	337	342	7
75	Paris	10	10ème circonscription	56	Paris	1446	1332	177	1155	8	5	1142	1	6	1	20	266	123	10	46	458	207	4
75	Paris	10	10ème circonscription	56	Paris	1447	1421	241	1180	8	8	1164	3	10	1	39	298	100	12	78	377	238	8
75	Paris	10	10ème circonscription	56	Paris	1448	1491	264	1227	14	2	1211	6	14	2	28	219	139	13	98	400	281	11
75	Paris	10	10ème circonscription	56	Paris	1449	1520	208	1312	20	5	1287	1	8	0	32	263	150	8	55	498	267	5
75	Paris	10	10ème circonscription	56	Paris	1450	1521	239	1282	11	3	1268	7	10	3	31	321	143	5	41	489	213	5
75	Paris	10	10ème circonscription	56	Paris	1451	1410	275	1135	16	10	1109	2	12	2	39	244	114	7	89	339	254	7
75	Paris	10	10ème circonscription	56	Paris	1452	1481	309	1172	17	8	1147	6	8	5	42	181	129	7	118	326	316	9
75	Paris	10	10ème circonscription	56	Paris	1453	1485	304	1181	17	6	1158	6	11	4	30	198	124	11	124	343	292	15
75	Paris	10	10ème circonscription	56	Paris	1454	1552	251	1301	10	9	1282	3	13	4	32	305	161	4	97	422	231	10
75	Paris	10	10ème circonscription	56	Paris	1455	1548	301	1247	19	7	1221	4	11	0	38	213	144	5	109	403	285	9
75	Paris	10	10ème circonscription	56	Paris	1456	1438	334	1104	18	12	1074	4	11	4	55	129	108	6	175	294	272	16
75	Paris	10	10ème circonscription	56	Paris	1457	1521	452	1069	14	13	1042	9	19	3	27	123	112	7	164	265	303	10
75	Paris	11	11ème circonscription	56	Paris	0611	1235	157	1078	6	2	1070	1	5	2	13	423	62	12	38	397	111	6
75	Paris	11	11ème circonscription	56	Paris	0612	1127	129	998	4	5	989	0	2	0	8	419	64	6	29	395	63	3
75	Paris	11	11ème circonscription	56	Paris	0613	1336	157	1179	12	2	1165	2	8	1	10	470	79	7	41	446	95	6
75	Paris	11	11ème circonscription	56	Paris	0614	1218	160	1058	5	4	1049	1	1	2	18	439	62	10	40	380	94	2
75	Paris	11	11ème circonscription	56	Paris	0615	1212	152	1060	13	2	1045	2	3	3	16	448	58	4	30	381	96	4
75	Paris	11	11ème circonscription	56	Paris	0616	1454	208	1246	5	4	1237	3	7	0	14	499	80	5	40	483	102	4
75	Paris	11	11ème circonscription	56	Paris	0617	1485	185	1300	10	1	1289	3	10	4	14	465	102	8	39	519	122	3
75	Paris	11	11ème circonscription	56	Paris	0618	996	147	849	4	4	841	0	5	1	12	371	51	8	28	286	78	1
75	Paris	11	11ème circonscription	56	Paris	0619	1011	107	904	4	7	893	1	7	1	5	373	48	3	25	353	72	5
75	Paris	11	11ème circonscription	56	Paris	0620	1167	136	1031	6	6	1019	2	11	0	20	414	56	4	27	402	80	3
75	Paris	11	11ème circonscription	56	Paris	0621	1100	113	987	5	3	979	1	6	0	12	349	68	5	29	402	103	4
75	Paris	11	11ème circonscription	56	Paris	0622	1251	149	1102	2	2	1098	1	4	0	5	420	80	3	32	450	100	3
75	Paris	11	11ème circonscription	56	Paris	1401	1354	215	1139	18	5	1116	4	7	1	12	224	127	9	39	478	209	6
75	Paris	11	11ème circonscription	56	Paris	1402	1490	211	1279	9	3	1267	4	10	7	21	321	140	5	64	464	221	10
75	Paris	11	11ème circonscription	56	Paris	1403	1576	193	1383	9	2	1372	2	13	1	17	370	143	3	34	566	218	5
75	Paris	11	11ème circonscription	56	Paris	1404	1470	217	1253	4	2	1247	5	9	5	17	269	147	7	39	486	255	8
75	Paris	11	11ème circonscription	56	Paris	1405	1419	178	1241	9	2	1230	2	6	1	20	319	146	8	34	485	200	9
75	Paris	11	11ème circonscription	56	Paris	1406	1432	192	1240	6	5	1229	5	8	1	14	286	158	5	36	495	212	9
75	Paris	11	11ème circonscription	56	Paris	1407	1518	203	1315	13	4	1298	2	12	0	22	340	199	4	56	448	209	6
75	Paris	11	11ème circonscription	56	Paris	1408	1450	177	1273	6	2	1265	2	3	2	16	330	147	3	39	542	176	5
75	Paris	11	11ème circonscription	56	Paris	1409	1509	223	1286	13	3	1270	2	8	2	18	320	149	6	37	500	222	6
75	Paris	11	11ème circonscription	56	Paris	1410	1407	240	1167	17	5	1145	4	14	3	29	246	130	4	78	389	240	8
75	Paris	11	11ème circonscription	56	Paris	1411	1385	196	1189	9	1	1179	2	10	3	27	309	134	14	44	447	182	7
75	Paris	11	11ème circonscription	56	Paris	1412	1491	217	1274	15	5	1254	4	5	7	26	352	138	5	58	483	169	7
75	Paris	11	11ème circonscription	56	Paris	1413	1493	187	1306	11	3	1292	5	5	1	20	313	125	9	49	550	208	7
75	Paris	11	11ème circonscription	56	Paris	1414	1568	166	1402	8	5	1389	2	10	1	13	361	156	8	53	608	176	1
75	Paris	11	11ème circonscription	56	Paris	1415	1570	238	1332	17	2	1313	5	8	3	18	276	147	4	78	494	276	4
75	Paris	11	11ème circonscription	56	Paris	1416	1502	233	1269	20	1	1248	3	12	3	28	276	136	6	78	421	279	6
75	Paris	11	11ème circonscription	56	Paris	1417	1520	216	1304	8	0	1296	0	5	4	18	292	159	7	37	544	217	13
75	Paris	11	11ème circonscription	56	Paris	1418	1563	249	1314	12	8	1294	9	10	1	26	222	164	7	55	473	311	16
75	Paris	11	11ème circonscription	56	Paris	1419	1624	286	1338	19	7	1312	6	13	1	21	173	215	4	58	458	355	8
75	Paris	11	11ème circonscription	56	Paris	1420	1417	224	1193	16	3	1174	10	15	3	29	175	160	9	84	379	298	12
75	Paris	11	11ème circonscription	56	Paris	1421	1377	291	1086	14	7	1065	5	16	1	27	179	133	4	105	279	302	14
75	Paris	11	11ème circonscription	56	Paris	1422	1463	231	1232	14	4	1214	3	18	1	23	208	152	8	86	441	266	8
75	Paris	11	11ème circonscription	56	Paris	1423	1513	220	1293	13	6	1274	5	16	4	20	217	177	9	67	451	295	13
75	Paris	11	11ème circonscription	56	Paris	1424	1606	213	1393	19	5	1369	4	7	2	23	284	155	4	54	554	273	9
75	Paris	11	11ème circonscription	56	Paris	1425	1545	207	1338	11	2	1325	3	11	0	23	288	146	7	33	569	232	13
75	Paris	11	11ème circonscription	56	Paris	1426	1280	178	1102	9	6	1087	0	9	1	14	329	106	2	50	406	162	8
75	Paris	11	11ème circonscription	56	Paris	1427	1083	160	923	4	1	918	1	1	0	17	325	68	3	31	369	97	6
75	Paris	11	11ème circonscription	56	Paris	1428	1498	178	1320	12	5	1303	3	7	1	22	389	106	5	32	557	178	3
75	Paris	11	11ème circonscription	56	Paris	1429	1504	187	1317	17	3	1297	4	8	2	15	234	193	8	38	549	235	11
75	Paris	11	11ème circonscription	56	Paris	1430	1332	194	1138	13	2	1123	3	5	1	10	325	116	3	53	464	139	4
75	Paris	11	11ème circonscription	56	Paris	1431	1320	131	1189	4	1	1184	1	6	1	11	334	130	1	25	538	126	11
75	Paris	11	11ème circonscription	56	Paris	1432	1438	174	1264	14	7	1243	5	5	1	20	298	120	9	52	521	203	9
75	Paris	11	11ème circonscription	56	Paris	1433	1532	203	1329	9	3	1317	4	12	3	18	382	128	4	49	539	174	4
75	Paris	11	11ème circonscription	56	Paris	1434	1361	198	1163	16	5	1142	5	10	1	16	301	113	7	34	439	206	10
75	Paris	11	11ème circonscription	56	Paris	1435	1406	180	1226	11	9	1206	1	6	2	18	254	133	4	48	551	183	6
75	Paris	11	11ème circonscription	56	Paris	1436	1284	207	1077	15	5	1057	5	12	1	16	213	108	5	83	353	250	11
75	Paris	11	11ème circonscription	56	Paris	1437	1448	190	1258	18	5	1235	3	19	2	28	223	145	8	104	455	245	3
75	Paris	11	11ème circonscription	56	Paris	1438	1245	152	1093	9	0	1084	3	8	2	10	238	166	5	54	397	195	6
75	Paris	11	11ème circonscription	56	Paris	1439	1381	203	1178	6	2	1170	4	15	2	27	260	113	6	56	428	255	4
75	Paris	12	12ème circonscription	56	Paris	0709	1222	131	1091	5	2	1084	3	6	0	13	515	59	2	32	382	67	5
75	Paris	12	12ème circonscription	56	Paris	0710	1503	199	1304	14	3	1287	1	10	1	32	510	67	9	100	465	89	3
75	Paris	12	12ème circonscription	56	Paris	0711	1223	134	1089	4	4	1081	1	2	1	5	650	29	6	35	312	38	2
75	Paris	12	12ème circonscription	56	Paris	0712	1212	136	1076	6	3	1067	1	3	3	12	628	38	7	32	315	27	1
75	Paris	12	12ème circonscription	56	Paris	0713	1193	136	1057	4	2	1051	0	1	0	15	639	32	4	23	294	41	2
75	Paris	12	12ème circonscription	56	Paris	0714	1308	161	1147	6	3	1138	0	7	1	21	602	61	4	29	344	67	2
75	Paris	12	12ème circonscription	56	Paris	1501	1268	231	1037	10	2	1025	1	10	1	27	346	65	5	40	400	127	3
75	Paris	12	12ème circonscription	56	Paris	1502	1398	164	1234	10	4	1220	2	7	1	18	480	84	6	42	436	137	7
75	Paris	12	12ème circonscription	56	Paris	1503	1319	228	1091	10	5	1076	3	15	1	18	275	91	7	90	395	172	9
75	Paris	12	12ème circonscription	56	Paris	1504	1619	236	1383	17	5	1361	2	6	2	28	443	102	10	52	531	177	8
75	Paris	12	12ème circonscription	56	Paris	1505	1624	245	1379	16	7	1356	2	4	1	18	455	103	5	61	522	181	4
75	Paris	12	12ème circonscription	56	Paris	1506	1553	247	1306	15	0	1291	4	10	1	19	443	121	8	45	511	123	6
75	Paris	12	12ème circonscription	56	Paris	1507	1532	221	1311	9	11	1291	0	13	3	19	478	91	4	59	499	122	3
75	Paris	12	12ème circonscription	56	Paris	1508	1389	185	1204	13	2	1189	2	8	3	22	400	81	7	44	496	123	3
75	Paris	12	12ème circonscription	56	Paris	1509	1497	205	1292	13	3	1276	2	5	2	15	489	99	8	50	448	153	5
75	Paris	12	12ème circonscription	56	Paris	1510	1541	243	1298	4	5	1289	4	9	2	21	503	90	1	57	441	156	5
75	Paris	12	12ème circonscription	56	Paris	1511	1525	235	1290	9	2	1279	5	8	0	37	518	61	7	58	462	119	4
75	Paris	12	12ème circonscription	56	Paris	1512	1684	215	1469	15	3	1451	2	6	1	23	551	96	8	65	541	153	5
75	Paris	12	12ème circonscription	56	Paris	1513	1646	232	1414	8	2	1404	3	15	1	21	459	108	6	51	569	165	6
75	Paris	12	12ème circonscription	56	Paris	1514	1634	236	1398	6	2	1390	0	13	1	22	555	64	5	64	504	159	3
75	Paris	12	12ème circonscription	56	Paris	1515	1597	246	1351	6	5	1340	5	10	1	31	601	69	5	69	418	127	4
75	Paris	12	12ème circonscription	56	Paris	1516	1662	199	1463	8	2	1453	2	10	4	30	653	73	6	71	476	126	2
75	Paris	12	12ème circonscription	56	Paris	1517	1500	187	1313	22	3	1288	0	8	2	25	570	64	5	97	354	154	9
75	Paris	12	12ème circonscription	56	Paris	1518	1353	164	1189	11	6	1172	0	8	1	24	513	64	6	71	371	111	3
75	Paris	12	12ème circonscription	56	Paris	1519	1418	165	1253	10	6	1237	1	8	2	27	539	80	11	39	403	125	2
75	Paris	12	12ème circonscription	56	Paris	1520	1479	220	1259	9	2	1248	0	9	0	24	576	69	7	41	424	93	5
75	Paris	12	12ème circonscription	56	Paris	1521	1371	158	1213	7	4	1202	2	2	1	18	607	53	5	42	389	80	3
75	Paris	12	12ème circonscription	56	Paris	1522	1388	173	1215	7	1	1207	1	7	1	10	513	55	7	56	461	95	1
75	Paris	12	12ème circonscription	56	Paris	1523	1540	190	1350	10	5	1335	1	5	1	18	587	72	9	42	515	85	0
75	Paris	12	12ème circonscription	56	Paris	1524	1552	197	1355	8	7	1340	2	6	1	11	650	64	4	28	484	86	4
75	Paris	12	12ème circonscription	56	Paris	1525	1571	230	1341	14	3	1324	4	18	1	22	461	98	5	55	539	112	9
75	Paris	12	12ème circonscription	56	Paris	1526	1566	248	1318	17	8	1293	4	9	1	20	454	103	7	85	464	145	1
75	Paris	12	12ème circonscription	56	Paris	1527	1471	251	1220	13	2	1205	1	10	2	23	335	129	4	85	423	189	4
75	Paris	12	12ème circonscription	56	Paris	1528	1487	211	1276	12	6	1258	6	6	2	26	428	91	9	64	490	130	6
75	Paris	12	12ème circonscription	56	Paris	1529	1562	194	1368	15	4	1349	2	5	0	25	493	101	5	55	498	158	7
75	Paris	12	12ème circonscription	56	Paris	1530	1524	155	1369	12	5	1352	3	10	1	26	523	88	6	44	528	121	2
75	Paris	12	12ème circonscription	56	Paris	1531	1556	190	1366	6	3	1357	4	7	0	16	587	74	4	40	482	137	6
75	Paris	12	12ème circonscription	56	Paris	1532	1489	178	1311	4	2	1305	1	8	1	27	533	90	5	48	483	102	7
75	Paris	12	12ème circonscription	56	Paris	1533	1519	161	1358	14	4	1340	1	5	2	13	557	103	13	52	463	125	6
75	Paris	12	12ème circonscription	56	Paris	1534	1608	161	1447	10	5	1432	1	7	3	22	511	111	7	62	532	170	6
75	Paris	12	12ème circonscription	56	Paris	1535	1594	210	1384	1	15	1368	1	10	2	19	416	96	12	72	527	203	10
75	Paris	12	12ème circonscription	56	Paris	1536	1556	179	1377	8	9	1360	3	9	3	20	425	109	7	60	544	175	5
75	Paris	12	12ème circonscription	56	Paris	1537	1587	210	1377	12	2	1363	4	5	3	15	418	109	7	66	579	148	9
75	Paris	12	12ème circonscription	56	Paris	1538	1475	233	1242	17	12	1213	6	12	2	22	305	125	11	62	401	261	6
75	Paris	12	12ème circonscription	56	Paris	1539	1530	329	1201	23	4	1174	3	19	2	29	246	93	5	111	367	293	6
75	Paris	12	12ème circonscription	56	Paris	1540	1529	239	1290	17	10	1263	6	17	2	33	319	112	13	71	412	269	9
75	Paris	12	12ème circonscription	56	Paris	1541	1610	262	1348	21	7	1320	2	8	2	26	422	134	5	54	493	167	7
75	Paris	12	12ème circonscription	56	Paris	1542	1082	179	903	11	5	887	1	9	2	20	297	62	4	47	298	137	10
75	Paris	12	12ème circonscription	56	Paris	1543	1339	188	1151	8	3	1140	5	13	1	21	444	66	10	50	393	135	2
75	Paris	12	12ème circonscription	56	Paris	1544	1535	239	1296	15	5	1276	5	7	1	29	345	110	8	74	454	238	5
75	Paris	13	13ème circonscription	56	Paris	1545	1568	266	1302	12	6	1284	6	5	0	29	305	138	11	89	453	237	11
75	Paris	13	13ème circonscription	56	Paris	1546	1511	244	1267	11	4	1252	0	12	3	28	446	95	6	65	459	133	5
75	Paris	13	13ème circonscription	56	Paris	1547	1600	271	1329	13	7	1309	2	22	1	24	277	134	13	92	482	253	9
75	Paris	13	13ème circonscription	56	Paris	1548	1559	366	1193	18	4	1171	4	6	3	27	258	114	6	129	297	307	20
75	Paris	13	13ème circonscription	56	Paris	1549	1476	361	1115	19	2	1094	7	9	1	31	208	107	10	112	324	272	13
75	Paris	13	13ème circonscription	56	Paris	1550	1486	267	1219	16	3	1200	6	17	2	19	310	111	9	80	427	205	14
75	Paris	13	13ème circonscription	56	Paris	1551	1570	228	1342	11	7	1324	7	15	1	31	407	126	6	83	476	168	4
75	Paris	13	13ème circonscription	56	Paris	1552	1512	298	1214	11	8	1195	6	14	4	35	254	101	10	142	349	273	7
75	Paris	13	13ème circonscription	56	Paris	1553	1528	242	1286	14	2	1270	5	13	2	21	362	126	8	62	475	189	7
75	Paris	13	13ème circonscription	56	Paris	1554	1486	232	1254	21	5	1228	1	12	1	25	363	133	8	65	444	170	6
75	Paris	13	13ème circonscription	56	Paris	1555	1526	201	1325	9	5	1311	4	13	0	28	368	130	4	61	504	191	8
75	Paris	13	13ème circonscription	56	Paris	1556	1538	249	1289	15	4	1270	3	10	2	22	400	97	6	64	485	173	8
75	Paris	13	13ème circonscription	56	Paris	1557	1506	204	1302	12	2	1288	3	13	1	14	491	98	5	42	509	107	5
75	Paris	13	13ème circonscription	56	Paris	1558	1488	218	1270	10	4	1256	4	9	2	28	361	107	3	56	540	140	6
75	Paris	13	13ème circonscription	56	Paris	1559	1509	239	1270	17	3	1250	2	9	3	36	444	92	5	59	434	163	3
75	Paris	13	13ème circonscription	56	Paris	1560	1587	236	1351	10	10	1331	2	7	3	28	494	119	13	64	456	139	6
75	Paris	13	13ème circonscription	56	Paris	1561	1490	234	1256	15	2	1239	3	8	0	29	388	92	5	65	459	189	1
75	Paris	13	13ème circonscription	56	Paris	1562	1486	204	1282	11	4	1267	2	7	2	29	446	114	5	55	485	118	4
75	Paris	13	13ème circonscription	56	Paris	1563	1390	210	1180	1	8	1171	0	7	1	23	429	110	5	42	461	89	4
75	Paris	13	13ème circonscription	56	Paris	1564	1329	181	1148	6	5	1137	1	7	3	27	378	98	4	77	388	147	7
75	Paris	13	13ème circonscription	56	Paris	1565	1341	166	1175	11	3	1161	2	10	2	24	401	79	3	54	421	155	10
75	Paris	13	13ème circonscription	56	Paris	1566	1525	267	1258	9	7	1242	0	4	1	15	449	94	8	67	425	176	3
75	Paris	13	13ème circonscription	56	Paris	1567	1591	235	1356	16	4	1336	3	13	0	24	388	104	6	67	529	199	3
75	Paris	13	13ème circonscription	56	Paris	1568	1588	197	1391	15	5	1371	1	4	1	23	488	113	6	44	539	144	8
75	Paris	13	13ème circonscription	56	Paris	1569	1602	301	1301	7	11	1283	0	12	0	38	323	116	6	73	479	229	7
75	Paris	13	13ème circonscription	56	Paris	1570	1656	206	1450	21	3	1426	2	9	0	29	454	121	7	61	566	170	7
75	Paris	13	13ème circonscription	56	Paris	1571	1652	254	1398	17	2	1379	4	8	0	28	479	106	5	59	496	189	5
75	Paris	13	13ème circonscription	56	Paris	1572	1504	226	1278	11	5	1262	3	16	2	23	369	109	10	79	440	206	5
75	Paris	13	13ème circonscription	56	Paris	1573	1401	206	1195	8	5	1182	2	8	1	31	451	63	3	49	457	110	7
75	Paris	13	13ème circonscription	56	Paris	1574	1590	249	1341	12	2	1327	3	5	1	21	489	90	12	71	467	164	4
75	Paris	13	13ème circonscription	56	Paris	1575	1404	240	1164	11	5	1148	1	10	1	39	401	76	11	70	398	138	3
75	Paris	13	13ème circonscription	56	Paris	1576	1176	262	914	11	5	898	5	11	1	27	130	85	3	121	242	262	11
75	Paris	13	13ème circonscription	56	Paris	1577	1496	233	1263	10	6	1247	4	15	1	30	366	90	8	79	425	224	5
75	Paris	13	13ème circonscription	56	Paris	1578	1044	175	869	11	1	857	1	5	2	18	215	75	2	56	302	176	5
75	Paris	13	13ème circonscription	56	Paris	1579	1219	179	1040	13	2	1025	1	5	1	24	318	90	4	61	373	142	6
75	Paris	13	13ème circonscription	56	Paris	1580	1482	209	1273	3	11	1259	6	14	1	47	343	114	6	101	436	183	8
75	Paris	13	13ème circonscription	56	Paris	1581	1505	204	1301	11	4	1286	5	9	1	27	378	109	7	67	506	169	8
75	Paris	13	13ème circonscription	56	Paris	1582	1447	215	1232	12	8	1212	3	15	2	27	387	103	9	81	366	209	10
75	Paris	13	13ème circonscription	56	Paris	1583	1525	205	1320	6	0	1314	0	5	3	21	537	74	7	39	485	135	8
75	Paris	13	13ème circonscription	56	Paris	1584	1432	237	1195	10	12	1173	4	14	4	36	369	84	13	67	419	156	7
75	Paris	13	13ème circonscription	56	Paris	1585	1514	222	1292	13	7	1272	4	20	1	38	361	113	10	92	455	172	6
75	Paris	13	13ème circonscription	56	Paris	1586	1216	186	1030	13	7	1010	2	6	3	26	333	79	5	58	359	136	3
75	Paris	13	13ème circonscription	56	Paris	1587	1478	208	1270	8	3	1259	0	14	6	41	380	96	11	59	445	199	8
75	Paris	13	13ème circonscription	56	Paris	1588	1471	209	1262	25	3	1234	5	6	3	29	442	87	2	68	412	177	3
75	Paris	13	13ème circonscription	56	Paris	1589	1325	169	1156	8	4	1144	1	5	1	21	443	70	9	57	405	128	4
75	Paris	13	13ème circonscription	56	Paris	1590	1552	212	1340	15	4	1321	1	5	0	25	458	97	9	73	502	147	4
75	Paris	13	13ème circonscription	56	Paris	1591	1555	197	1358	16	2	1340	3	13	0	18	506	81	13	71	498	131	6
75	Paris	13	13ème circonscription	56	Paris	1592	1468	237	1231	5	10	1216	5	7	0	34	404	103	7	76	422	153	5
75	Paris	13	13ème circonscription	56	Paris	1593	1427	203	1224	12	5	1207	1	12	1	34	375	97	11	66	431	169	10
75	Paris	13	13ème circonscription	56	Paris	1594	1567	352	1215	10	6	1199	5	22	4	37	321	82	2	93	391	236	6
75	Paris	13	13ème circonscription	56	Paris	1595	1452	218	1234	20	3	1211	5	15	3	35	365	120	7	83	372	197	9
75	Paris	14	14ème circonscription	56	Paris	1601	1415	210	1205	3	4	1198	0	6	0	17	810	23	3	32	256	51	0
75	Paris	14	14ème circonscription	56	Paris	1602	1482	193	1289	1	1	1287	0	7	2	10	907	31	1	44	254	30	1
75	Paris	14	14ème circonscription	56	Paris	1603	1510	234	1276	3	6	1267	0	2	1	15	897	16	4	42	241	48	1
75	Paris	14	14ème circonscription	56	Paris	1604	1495	208	1287	3	3	1281	1	3	0	13	938	18	1	34	246	24	3
75	Paris	14	14ème circonscription	56	Paris	1605	1244	173	1071	2	1	1068	0	2	0	16	666	20	5	49	260	49	1
75	Paris	14	14ème circonscription	56	Paris	1606	1236	140	1096	4	1	1091	1	7	0	13	695	15	2	27	281	49	1
75	Paris	14	14ème circonscription	56	Paris	1607	1384	212	1172	6	5	1161	0	4	2	8	765	31	0	33	273	42	3
75	Paris	14	14ème circonscription	56	Paris	1608	1193	136	1057	2	1	1054	1	4	0	17	676	23	4	23	260	43	3
75	Paris	14	14ème circonscription	56	Paris	1609	1191	170	1021	4	0	1017	0	7	0	11	627	25	1	27	268	48	3
75	Paris	14	14ème circonscription	56	Paris	1610	1346	209	1137	5	1	1131	0	4	0	12	680	24	4	39	323	45	0
75	Paris	14	14ème circonscription	56	Paris	1611	1237	150	1087	2	0	1085	0	8	0	7	681	23	3	31	297	34	1
75	Paris	14	14ème circonscription	56	Paris	1612	1275	171	1104	5	5	1094	0	4	0	11	679	17	3	42	288	49	1
75	Paris	14	14ème circonscription	56	Paris	1613	1383	192	1191	5	4	1182	2	5	2	11	677	23	1	48	370	41	2
75	Paris	14	14ème circonscription	56	Paris	1614	1321	208	1113	10	3	1100	0	4	0	10	679	22	2	43	304	36	0
75	Paris	14	14ème circonscription	56	Paris	1615	1222	171	1051	4	0	1047	0	4	1	4	644	28	4	36	274	51	1
75	Paris	14	14ème circonscription	56	Paris	1616	1270	158	1112	3	2	1107	1	4	2	7	661	33	5	45	291	56	2
75	Paris	14	14ème circonscription	56	Paris	1617	1358	175	1183	1	3	1179	0	4	1	11	782	30	3	27	268	50	3
75	Paris	14	14ème circonscription	56	Paris	1618	1340	167	1173	5	3	1165	1	3	0	13	754	30	2	34	287	40	1
75	Paris	14	14ème circonscription	56	Paris	1619	1314	186	1128	7	5	1116	1	5	0	14	635	32	7	42	313	64	3
75	Paris	14	14ème circonscription	56	Paris	1620	1498	193	1305	3	3	1299	0	6	4	14	860	19	1	42	304	47	2
75	Paris	14	14ème circonscription	56	Paris	1621	1455	222	1233	13	7	1213	0	4	3	17	636	51	5	38	377	81	1
75	Paris	14	14ème circonscription	56	Paris	1622	1620	227	1393	13	5	1375	1	5	0	20	820	45	5	59	342	75	3
75	Paris	14	14ème circonscription	56	Paris	1623	1360	174	1186	3	0	1183	0	3	1	10	801	26	5	35	260	40	2
75	Paris	14	14ème circonscription	56	Paris	1624	1416	220	1196	11	4	1181	1	6	1	19	721	21	4	48	293	65	2
75	Paris	14	14ème circonscription	56	Paris	1625	1307	175	1132	11	5	1116	0	7	0	29	564	47	6	63	314	85	1
75	Paris	14	14ème circonscription	56	Paris	1626	1420	185	1235	5	3	1227	1	3	3	11	761	27	1	38	339	40	3
75	Paris	14	14ème circonscription	56	Paris	1627	1258	154	1104	3	2	1099	1	1	0	17	681	27	5	36	283	47	1
75	Paris	14	14ème circonscription	56	Paris	1628	1251	145	1106	3	5	1098	1	8	0	13	647	35	1	24	316	52	1
75	Paris	14	14ème circonscription	56	Paris	1629	1268	187	1081	5	2	1074	2	2	0	9	647	37	6	27	300	42	2
75	Paris	14	14ème circonscription	56	Paris	1630	1398	234	1164	10	2	1152	3	4	3	14	580	42	3	68	344	89	2
75	Paris	14	14ème circonscription	56	Paris	1631	1362	192	1170	9	2	1159	0	3	0	15	676	38	5	44	314	63	1
75	Paris	14	14ème circonscription	56	Paris	1632	1509	232	1277	7	3	1267	3	9	1	20	561	72	6	71	413	108	3
75	Paris	14	14ème circonscription	56	Paris	1633	1481	175	1306	12	5	1289	2	11	0	11	680	59	3	37	398	83	5
75	Paris	14	14ème circonscription	56	Paris	1634	1614	210	1404	9	6	1389	2	7	2	16	802	46	4	41	412	55	2
75	Paris	14	14ème circonscription	56	Paris	1635	1193	163	1030	5	2	1023	1	3	1	12	639	23	2	34	266	41	1
75	Paris	14	14ème circonscription	56	Paris	1636	1462	227	1235	4	7	1224	1	9	1	26	594	55	3	69	363	97	6
75	Paris	14	14ème circonscription	56	Paris	1637	1435	171	1264	1	1	1262	1	6	2	17	708	41	2	48	372	62	3
75	Paris	14	14ème circonscription	56	Paris	1638	1540	193	1347	7	3	1337	1	4	2	24	711	54	2	58	410	70	1
75	Paris	14	14ème circonscription	56	Paris	1639	1438	187	1251	7	1	1243	1	8	4	20	586	37	2	75	430	79	1
75	Paris	14	14ème circonscription	56	Paris	1640	1562	310	1252	14	8	1230	5	9	2	27	475	63	6	104	359	177	3
75	Paris	14	14ème circonscription	56	Paris	1641	1570	243	1327	14	8	1305	2	9	0	29	573	85	6	76	394	131	0
75	Paris	14	14ème circonscription	56	Paris	1642	1242	182	1060	7	4	1049	2	7	2	21	554	29	2	72	307	49	4
75	Paris	14	14ème circonscription	56	Paris	1643	1266	182	1084	9	1	1074	0	5	1	19	532	46	3	63	290	110	5
75	Paris	14	14ème circonscription	56	Paris	1644	1287	237	1050	14	12	1024	3	8	1	38	354	69	7	101	294	142	7
75	Paris	14	14ème circonscription	56	Paris	1645	1340	230	1110	11	0	1099	2	9	0	26	480	59	8	45	362	105	3
75	Paris	14	14ème circonscription	56	Paris	1646	1206	243	963	7	7	949	3	13	0	37	276	68	5	84	298	160	5
75	Paris	14	14ème circonscription	56	Paris	1647	1576	269	1307	6	4	1297	2	10	2	36	546	59	5	83	415	137	2
75	Paris	14	14ème circonscription	56	Paris	1648	1377	186	1191	9	5	1177	0	4	0	22	584	38	6	52	401	65	5
75	Paris	14	14ème circonscription	56	Paris	1649	1544	216	1328	7	4	1317	2	7	0	24	696	52	5	66	365	98	2
75	Paris	14	14ème circonscription	56	Paris	1650	1674	231	1443	9	5	1429	2	15	1	23	735	54	7	75	438	74	5
75	Paris	14	14ème circonscription	56	Paris	1651	1605	285	1320	3	2	1315	0	3	2	11	879	18	5	38	293	63	3
75	Paris	14	14ème circonscription	56	Paris	1652	1566	254	1312	13	4	1295	0	2	0	12	787	47	3	44	322	77	1
75	Paris	15	15ème circonscription	56	Paris	2001	1335	219	1116	9	3	1104	2	11	1	23	162	190	4	60	351	289	11
75	Paris	15	15ème circonscription	56	Paris	2002	1119	173	946	2	0	944	1	5	1	24	169	140	4	42	322	227	9
75	Paris	15	15ème circonscription	56	Paris	2003	1448	249	1199	24	2	1173	1	15	1	24	145	180	8	57	383	349	10
75	Paris	15	15ème circonscription	56	Paris	2004	1375	202	1173	11	7	1155	5	7	5	25	143	174	6	53	385	340	12
75	Paris	15	15ème circonscription	56	Paris	2005	1421	211	1210	12	1	1197	5	7	1	22	197	179	5	38	426	308	9
75	Paris	15	15ème circonscription	56	Paris	2006	1359	252	1107	8	1	1098	6	7	1	19	160	158	9	52	354	325	7
75	Paris	15	15ème circonscription	56	Paris	2007	1322	222	1100	5	7	1088	2	10	3	26	159	146	6	49	393	280	14
75	Paris	15	15ème circonscription	56	Paris	2008	1264	177	1087	10	0	1077	6	9	4	12	107	167	2	38	413	311	8
75	Paris	15	15ème circonscription	56	Paris	2009	1540	328	1212	0	12	1200	8	16	3	12	113	147	7	53	380	442	19
75	Paris	15	15ème circonscription	56	Paris	2010	1343	340	1003	11	8	984	3	18	1	24	103	120	7	73	266	353	16
75	Paris	15	15ème circonscription	56	Paris	2011	1572	357	1215	18	5	1192	10	16	3	18	107	163	6	59	276	522	12
75	Paris	15	15ème circonscription	56	Paris	2012	1331	215	1116	8	5	1103	2	12	2	15	113	177	6	47	382	336	11
75	Paris	15	15ème circonscription	56	Paris	2013	1424	224	1200	12	6	1182	3	20	0	13	109	196	2	46	383	395	15
75	Paris	15	15ème circonscription	56	Paris	2014	1511	258	1253	14	3	1236	7	11	5	13	121	197	9	48	410	397	18
75	Paris	15	15ème circonscription	56	Paris	2015	1422	233	1189	9	8	1172	8	4	2	26	132	171	7	71	369	366	16
75	Paris	15	15ème circonscription	56	Paris	2016	1542	218	1324	15	3	1306	5	8	0	22	254	179	6	60	410	352	10
75	Paris	15	15ème circonscription	56	Paris	2017	1546	325	1221	16	11	1194	5	12	0	24	151	149	9	76	342	414	12
75	Paris	15	15ème circonscription	56	Paris	2018	1428	355	1073	14	10	1049	5	11	2	17	137	126	8	100	265	364	14
75	Paris	15	15ème circonscription	56	Paris	2019	1440	196	1244	12	7	1225	7	11	0	27	220	150	12	83	400	300	15
75	Paris	15	15ème circonscription	56	Paris	2020	1553	337	1216	16	3	1197	9	11	1	16	144	150	7	100	331	408	20
75	Paris	15	15ème circonscription	56	Paris	2021	1576	389	1187	19	4	1164	2	17	3	37	157	125	5	129	369	312	8
75	Paris	15	15ème circonscription	56	Paris	2022	1547	314	1233	10	6	1217	5	8	2	31	240	137	7	67	402	310	8
75	Paris	15	15ème circonscription	56	Paris	2023	1584	254	1330	20	3	1307	3	5	4	42	291	137	4	81	452	278	10
75	Paris	15	15ème circonscription	56	Paris	2024	1500	244	1256	8	2	1246	2	9	2	26	221	190	6	64	420	298	8
75	Paris	15	15ème circonscription	56	Paris	2025	1524	212	1312	16	4	1292	5	11	1	25	146	197	7	62	407	422	9
75	Paris	15	15ème circonscription	56	Paris	2026	1363	260	1103	9	2	1092	4	7	2	11	134	152	4	69	284	412	13
75	Paris	15	15ème circonscription	56	Paris	2027	1357	252	1105	11	2	1092	4	9	2	22	173	152	4	48	375	297	6
75	Paris	15	15ème circonscription	56	Paris	2028	1502	324	1178	16	8	1154	8	10	1	29	240	125	13	85	363	269	11
75	Paris	15	15ème circonscription	56	Paris	2029	1515	258	1257	15	5	1237	3	5	2	31	200	157	7	67	368	378	19
75	Paris	15	15ème circonscription	56	Paris	2030	1671	452	1219	11	15	1193	9	23	1	18	118	126	4	135	246	498	15
75	Paris	15	15ème circonscription	56	Paris	2031	1601	378	1223	19	6	1198	7	13	3	25	178	140	8	100	317	393	14
75	Paris	15	15ème circonscription	56	Paris	2032	1540	295	1245	13	5	1227	1	9	1	37	202	151	6	79	386	347	8
75	Paris	15	15ème circonscription	56	Paris	2033	1440	416	1024	20	22	982	5	16	2	23	103	109	7	139	240	332	6
75	Paris	15	15ème circonscription	56	Paris	2034	1385	311	1074	18	9	1047	8	22	1	25	130	117	6	116	257	354	11
75	Paris	15	15ème circonscription	56	Paris	2035	1408	401	1007	20	15	972	6	10	5	21	103	99	6	135	240	339	8
75	Paris	15	15ème circonscription	56	Paris	2036	1228	293	935	15	3	917	6	16	2	13	94	92	4	81	284	314	11
75	Paris	15	15ème circonscription	56	Paris	2037	1513	341	1172	15	5	1152	5	17	2	20	138	164	7	63	305	416	15
75	Paris	15	15ème circonscription	56	Paris	2038	1435	316	1119	17	5	1097	3	12	2	30	100	158	7	77	322	369	17
75	Paris	15	15ème circonscription	56	Paris	2039	1381	383	998	15	4	979	4	14	3	26	108	90	5	109	256	350	14
75	Paris	15	15ème circonscription	56	Paris	2040	1447	315	1132	17	2	1113	2	9	2	19	171	156	9	78	316	334	17
75	Paris	15	15ème circonscription	56	Paris	2041	1546	376	1170	19	8	1143	4	20	1	30	136	142	11	102	322	362	13
75	Paris	15	15ème circonscription	56	Paris	2042	1468	263	1205	17	3	1185	6	14	2	26	163	159	6	76	378	345	10
75	Paris	15	15ème circonscription	56	Paris	2043	1705	266	1439	13	7	1419	6	11	1	35	173	207	12	55	440	466	13
75	Paris	15	15ème circonscription	56	Paris	2044	1833	353	1480	27	3	1450	7	15	3	37	162	205	5	66	437	498	15
75	Paris	15	15ème circonscription	56	Paris	2045	1795	309	1486	16	5	1465	4	14	3	20	179	217	5	68	451	488	16
75	Paris	15	15ème circonscription	56	Paris	2046	1530	295	1235	7	15	1213	1	18	2	24	178	163	4	54	395	368	6
75	Paris	15	15ème circonscription	56	Paris	2047	1598	311	1287	15	5	1267	7	12	1	26	138	205	8	60	396	401	13
75	Paris	15	15ème circonscription	56	Paris	2048	1707	255	1452	21	10	1421	5	8	0	17	173	264	9	61	474	397	13
75	Paris	15	15ème circonscription	56	Paris	2049	1800	298	1502	22	5	1475	4	10	1	29	170	248	5	60	517	421	10
75	Paris	15	15ème circonscription	56	Paris	2050	1698	238	1460	14	4	1442	0	17	6	22	220	225	9	61	539	336	7
75	Paris	15	15ème circonscription	56	Paris	2051	1724	251	1473	13	4	1456	4	10	1	24	278	189	7	81	522	332	8
75	Paris	16	16ème circonscription	56	Paris	1901	1546	328	1218	11	4	1203	2	11	1	11	235	139	6	78	372	338	10
75	Paris	16	16ème circonscription	56	Paris	1902	1430	253	1177	27	3	1147	5	5	1	23	152	165	7	61	368	350	10
75	Paris	16	16ème circonscription	56	Paris	1903	1135	224	911	9	7	895	7	17	1	16	182	111	6	59	250	238	8
75	Paris	16	16ème circonscription	56	Paris	1904	1275	269	1006	15	2	989	4	5	1	12	162	170	7	52	282	287	7
75	Paris	16	16ème circonscription	56	Paris	1905	1309	270	1039	1	5	1033	3	10	1	17	244	119	7	37	334	256	5
75	Paris	16	16ème circonscription	56	Paris	1906	1386	255	1131	8	2	1121	2	3	1	15	231	129	6	61	366	295	12
75	Paris	16	16ème circonscription	56	Paris	1909	1628	320	1308	13	5	1290	3	16	1	27	203	170	5	51	418	385	11
75	Paris	16	16ème circonscription	56	Paris	1910	1602	261	1341	12	4	1325	6	6	1	17	216	212	7	60	430	360	10
75	Paris	16	16ème circonscription	56	Paris	1911	1523	269	1254	13	5	1236	5	6	3	17	247	173	7	35	425	312	6
75	Paris	16	16ème circonscription	56	Paris	1912	1587	222	1365	22	7	1336	5	7	0	20	149	234	8	45	454	399	15
75	Paris	16	16ème circonscription	56	Paris	1913	1670	251	1419	7	5	1407	5	5	3	17	231	245	6	53	456	378	8
75	Paris	16	16ème circonscription	56	Paris	1914	1652	326	1326	12	5	1309	3	10	2	21	173	193	10	49	395	442	11
75	Paris	16	16ème circonscription	56	Paris	1915	1437	183	1254	12	9	1233	4	12	0	10	145	215	8	48	430	355	6
75	Paris	16	16ème circonscription	56	Paris	1916	1587	240	1347	8	0	1339	4	6	1	18	246	181	3	53	469	347	11
75	Paris	16	16ème circonscription	56	Paris	1917	1484	212	1272	9	7	1256	6	16	1	17	270	147	6	51	425	306	11
75	Paris	16	16ème circonscription	56	Paris	1918	766	201	565	4	11	550	1	3	2	19	90	53	2	49	144	186	1
75	Paris	16	16ème circonscription	56	Paris	1919	1208	316	892	14	9	869	6	13	1	24	105	102	1	94	191	322	10
75	Paris	16	16ème circonscription	56	Paris	1920	1466	382	1084	21	13	1050	2	10	2	14	159	140	9	112	261	334	7
75	Paris	16	16ème circonscription	56	Paris	1921	1565	281	1284	11	4	1269	3	9	0	21	220	182	4	62	320	437	11
75	Paris	16	16ème circonscription	56	Paris	1922	1422	390	1032	14	5	1013	8	27	1	18	134	94	6	74	250	390	11
75	Paris	16	16ème circonscription	56	Paris	1923	1512	348	1164	15	6	1143	5	10	3	15	178	153	8	80	345	335	11
75	Paris	16	16ème circonscription	56	Paris	1924	1521	366	1155	13	4	1138	3	7	2	21	311	129	7	53	302	289	14
75	Paris	16	16ème circonscription	56	Paris	1925	1545	290	1255	17	5	1233	4	11	0	18	283	169	9	54	385	293	7
75	Paris	16	16ème circonscription	56	Paris	1926	1428	300	1128	15	3	1110	4	8	2	21	265	137	4	48	330	283	8
75	Paris	16	16ème circonscription	56	Paris	1927	1683	307	1376	13	6	1357	7	12	2	33	216	181	3	71	370	443	19
75	Paris	16	16ème circonscription	56	Paris	1928	1639	273	1366	6	9	1351	5	4	1	15	226	182	6	52	467	389	4
75	Paris	16	16ème circonscription	56	Paris	1929	1404	270	1134	20	9	1105	5	17	1	10	166	123	6	67	318	381	11
75	Paris	16	16ème circonscription	56	Paris	1930	1525	251	1274	10	2	1262	2	5	1	17	265	176	0	61	417	316	2
75	Paris	16	16ème circonscription	56	Paris	1931	1419	250	1169	15	4	1150	10	14	4	14	134	181	4	40	369	370	10
75	Paris	16	16ème circonscription	56	Paris	1932	1425	201	1224	12	5	1207	3	7	1	24	161	201	10	36	411	344	9
75	Paris	16	16ème circonscription	56	Paris	1933	1390	338	1052	12	8	1032	10	3	3	24	170	124	6	62	285	340	5
75	Paris	16	16ème circonscription	56	Paris	1934	1248	222	1026	14	7	1005	7	6	0	24	142	132	12	61	341	275	5
75	Paris	16	16ème circonscription	56	Paris	1935	1089	252	837	15	7	815	6	12	0	11	96	98	5	58	234	285	10
75	Paris	16	16ème circonscription	56	Paris	1936	1360	315	1045	7	7	1031	5	6	1	17	166	142	4	75	262	340	13
75	Paris	16	16ème circonscription	56	Paris	1937	1365	300	1065	15	4	1046	10	13	1	29	134	102	3	90	297	357	10
75	Paris	16	16ème circonscription	56	Paris	1938	1366	293	1073	8	6	1059	3	11	2	26	127	148	7	55	279	388	13
75	Paris	16	16ème circonscription	56	Paris	1939	1453	301	1152	12	3	1137	5	3	3	23	180	136	8	66	376	326	11
75	Paris	16	16ème circonscription	56	Paris	1940	1378	312	1066	7	5	1054	4	19	2	21	157	127	11	96	260	349	8
75	Paris	16	16ème circonscription	56	Paris	1941	1385	339	1046	22	6	1018	7	8	0	24	171	109	5	87	295	308	4
75	Paris	16	16ème circonscription	56	Paris	1942	1235	412	823	11	7	805	7	9	0	15	98	98	1	88	189	283	17
75	Paris	16	16ème circonscription	56	Paris	1943	1427	520	907	13	6	888	6	16	1	12	128	110	6	94	188	318	9
75	Paris	16	16ème circonscription	56	Paris	1944	1489	412	1077	22	13	1042	10	17	4	18	216	106	2	92	284	280	13
75	Paris	16	16ème circonscription	56	Paris	1945	1533	359	1174	15	9	1150	9	12	3	14	139	131	4	96	302	433	7
75	Paris	16	16ème circonscription	56	Paris	1946	1746	345	1401	24	11	1366	6	8	2	28	249	187	3	62	412	402	7
75	Paris	16	16ème circonscription	56	Paris	1947	1765	300	1465	12	3	1450	9	15	0	27	228	176	7	73	495	404	16
75	Paris	16	16ème circonscription	56	Paris	1948	1740	348	1392	10	2	1380	3	12	3	22	189	193	10	71	389	474	14
75	Paris	16	16ème circonscription	56	Paris	1949	1559	331	1228	10	6	1212	3	24	1	15	143	155	4	67	331	462	7
75	Paris	16	16ème circonscription	56	Paris	1950	1976	397	1579	23	4	1552	7	24	7	17	128	183	8	97	473	592	16
75	Paris	17	17ème circonscription	56	Paris	1851	1550	451	1099	29	10	1060	4	17	1	8	102	116	8	87	254	445	18
75	Paris	17	17ème circonscription	56	Paris	1852	1700	348	1352	15	7	1330	6	16	2	20	158	196	9	71	401	436	15
75	Paris	17	17ème circonscription	56	Paris	1853	1321	254	1067	7	5	1055	6	8	4	23	115	134	4	56	314	382	9
75	Paris	17	17ème circonscription	56	Paris	1854	1290	268	1022	17	8	997	5	7	3	14	91	138	3	58	276	394	8
75	Paris	17	17ème circonscription	56	Paris	1855	1488	300	1188	14	9	1165	6	16	2	15	96	209	5	49	254	502	11
75	Paris	17	17ème circonscription	56	Paris	1856	1752	531	1221	17	13	1191	2	17	1	9	64	140	3	38	313	591	13
75	Paris	17	17ème circonscription	56	Paris	1857	1750	421	1329	11	10	1308	3	12	1	10	96	221	7	46	347	552	13
75	Paris	17	17ème circonscription	56	Paris	1858	1647	396	1251	17	10	1224	3	19	1	19	112	183	5	65	334	463	20
75	Paris	17	17ème circonscription	56	Paris	1859	1640	374	1266	17	12	1237	6	15	1	19	94	187	3	84	335	479	14
75	Paris	17	17ème circonscription	56	Paris	1860	1657	285	1372	12	4	1356	9	11	4	24	145	199	8	89	422	436	9
75	Paris	17	17ème circonscription	56	Paris	1861	1694	323	1371	15	10	1346	4	13	0	22	136	194	8	61	450	449	9
75	Paris	17	17ème circonscription	56	Paris	1862	1598	388	1210	13	3	1194	2	11	4	17	124	177	6	71	312	456	14
75	Paris	17	17ème circonscription	56	Paris	1863	1739	419	1320	17	9	1294	5	21	0	26	180	143	9	126	333	439	12
75	Paris	17	17ème circonscription	56	Paris	1864	1762	468	1294	17	7	1270	7	23	1	15	120	145	10	102	326	502	19
75	Paris	17	17ème circonscription	56	Paris	1865	1774	573	1201	32	17	1152	1	29	1	27	145	116	2	158	279	376	18
75	Paris	17	17ème circonscription	56	Paris	1868	1268	231	1037	11	7	1019	4	13	1	13	69	138	6	55	292	415	13
75	Paris	17	17ème circonscription	56	Paris	1907	1357	285	1072	11	1	1060	1	5	0	16	323	121	9	33	348	196	8
75	Paris	17	17ème circonscription	56	Paris	1908	1377	373	1004	14	8	982	3	10	2	21	158	138	5	80	246	308	11
75	Paris	17	17ème circonscription	56	Paris	1951	1487	388	1099	26	11	1062	3	11	2	21	233	102	4	66	297	318	5
75	Paris	17	17ème circonscription	56	Paris	1952	1501	350	1151	13	3	1135	8	14	0	32	156	150	4	69	355	336	11
75	Paris	17	17ème circonscription	56	Paris	1953	1431	341	1090	19	9	1062	6	9	4	26	212	102	5	69	331	286	12
75	Paris	17	17ème circonscription	56	Paris	1954	1503	292	1211	10	16	1185	5	10	3	18	211	149	8	86	344	338	13
75	Paris	17	17ème circonscription	56	Paris	1955	1444	387	1057	18	8	1031	4	18	2	27	148	103	10	88	264	360	7
75	Paris	17	17ème circonscription	56	Paris	1956	1419	335	1084	12	11	1061	7	12	1	17	155	121	1	94	273	366	14
75	Paris	17	17ème circonscription	56	Paris	1957	1373	398	975	11	5	959	7	14	0	11	159	92	4	77	250	334	11
75	Paris	17	17ème circonscription	56	Paris	1958	1571	251	1320	11	6	1303	10	16	0	19	167	201	7	57	378	441	7
75	Paris	17	17ème circonscription	56	Paris	1959	1578	326	1252	25	11	1216	6	12	2	14	196	169	7	61	375	366	8
75	Paris	17	17ème circonscription	56	Paris	1960	1574	320	1254	13	7	1234	1	14	1	21	168	176	9	48	388	394	14
75	Paris	17	17ème circonscription	56	Paris	1961	1469	279	1190	22	7	1161	3	16	4	26	139	192	4	53	330	386	8
75	Paris	17	17ème circonscription	56	Paris	1962	1556	326	1230	18	3	1209	6	18	2	18	191	146	8	65	348	393	14
75	Paris	17	17ème circonscription	56	Paris	1963	1440	299	1141	9	9	1123	6	14	0	21	246	110	5	65	351	293	12
75	Paris	17	17ème circonscription	56	Paris	1964	1562	351	1211	7	8	1196	3	9	6	14	212	142	9	62	320	403	16
75	Paris	17	17ème circonscription	56	Paris	1965	1491	285	1206	11	8	1187	6	9	5	24	277	136	7	51	341	324	7
75	Paris	17	17ème circonscription	56	Paris	1966	1515	309	1206	4	7	1195	7	11	4	21	204	173	5	71	368	316	15
75	Paris	17	17ème circonscription	56	Paris	1967	1547	341	1206	10	10	1186	6	18	2	10	85	171	6	68	303	504	13
75	Paris	17	17ème circonscription	56	Paris	1968	1492	408	1084	16	4	1064	3	11	1	17	223	92	3	82	318	306	8
75	Paris	17	17ème circonscription	56	Paris	1969	1545	418	1127	6	15	1106	2	12	3	17	149	149	3	55	298	404	14
75	Paris	17	17ème circonscription	56	Paris	1970	1291	292	999	16	3	980	3	8	1	14	105	154	3	66	306	307	13
75	Paris	18	18ème circonscription	56	Paris	0924	1432	165	1267	5	3	1259	3	10	2	11	305	101	5	45	584	191	2
75	Paris	18	18ème circonscription	56	Paris	0925	1543	240	1303	11	3	1289	2	11	0	9	296	143	3	54	524	236	11
75	Paris	18	18ème circonscription	56	Paris	0926	1464	192	1272	10	1	1261	4	5	2	21	313	140	7	38	531	193	7
75	Paris	18	18ème circonscription	56	Paris	0927	1560	216	1344	13	1	1330	3	9	4	14	214	163	6	47	561	303	6
75	Paris	18	18ème circonscription	56	Paris	1801	1550	268	1282	11	1	1270	2	11	2	27	211	182	8	55	496	264	12
75	Paris	18	18ème circonscription	56	Paris	1802	1488	225	1263	18	6	1239	2	6	5	16	229	164	6	41	510	252	8
75	Paris	18	18ème circonscription	56	Paris	1803	1520	217	1303	11	5	1287	2	14	1	21	334	132	8	66	493	210	6
75	Paris	18	18ème circonscription	56	Paris	1804	1779	292	1487	10	7	1470	4	14	2	24	233	203	12	83	565	316	14
75	Paris	18	18ème circonscription	56	Paris	1805	1245	176	1069	7	1	1061	1	7	2	21	169	134	6	45	436	234	6
75	Paris	18	18ème circonscription	56	Paris	1806	1499	216	1283	9	4	1270	6	11	3	17	178	196	8	53	483	303	12
75	Paris	18	18ème circonscription	56	Paris	1807	1378	227	1151	10	2	1139	3	6	3	14	139	177	7	52	417	305	16
75	Paris	18	18ème circonscription	56	Paris	1808	1352	226	1126	7	3	1116	2	7	0	15	169	161	7	45	397	304	9
75	Paris	18	18ème circonscription	56	Paris	1809	1605	229	1376	21	6	1349	4	7	2	16	199	225	6	66	486	334	4
75	Paris	18	18ème circonscription	56	Paris	1810	1614	280	1334	26	5	1303	4	11	1	30	138	208	4	53	464	378	12
75	Paris	18	18ème circonscription	56	Paris	1811	1542	271	1271	12	5	1254	4	9	5	15	185	211	7	64	401	343	10
75	Paris	18	18ème circonscription	56	Paris	1812	1596	416	1180	19	8	1153	6	15	1	29	93	147	6	144	306	396	10
75	Paris	18	18ème circonscription	56	Paris	1813	1130	295	835	16	4	815	6	12	3	16	91	80	2	61	207	320	17
75	Paris	18	18ème circonscription	56	Paris	1814	1815	369	1446	14	10	1422	8	24	5	14	162	199	6	75	409	506	14
75	Paris	18	18ème circonscription	56	Paris	1815	1418	236	1182	18	3	1161	4	11	4	16	144	186	5	63	348	371	9
75	Paris	18	18ème circonscription	56	Paris	1816	1550	310	1240	10	4	1226	6	12	2	20	125	168	9	99	352	420	13
75	Paris	18	18ème circonscription	56	Paris	1817	1783	313	1470	16	7	1447	4	16	2	14	127	222	10	59	476	501	16
75	Paris	18	18ème circonscription	56	Paris	1818	1755	265	1490	14	5	1471	8	11	3	27	149	243	5	42	508	453	22
75	Paris	18	18ème circonscription	56	Paris	1819	1718	274	1444	12	11	1421	1	11	4	20	136	218	15	70	486	440	20
75	Paris	18	18ème circonscription	56	Paris	1820	1641	280	1361	21	7	1333	6	13	4	18	151	217	8	46	506	359	5
75	Paris	18	18ème circonscription	56	Paris	1821	1584	240	1344	19	3	1322	3	9	1	13	170	213	7	47	500	347	12
75	Paris	18	18ème circonscription	56	Paris	1822	1417	239	1178	19	6	1153	0	9	3	17	177	177	2	45	464	248	11
75	Paris	18	18ème circonscription	56	Paris	1823	1436	229	1207	11	2	1194	4	5	2	12	222	127	9	47	502	259	5
75	Paris	18	18ème circonscription	56	Paris	1824	1507	233	1274	8	3	1263	1	8	1	16	227	166	7	40	481	306	10
75	Paris	18	18ème circonscription	56	Paris	1825	1424	145	1279	7	6	1266	2	9	3	15	375	124	7	37	496	195	3
75	Paris	18	18ème circonscription	56	Paris	1826	1467	235	1232	14	6	1212	2	10	0	20	163	187	6	48	473	289	14
75	Paris	18	18ème circonscription	56	Paris	1827	1442	232	1210	13	6	1191	1	7	0	20	167	175	6	48	477	280	10
75	Paris	18	18ème circonscription	56	Paris	1828	1736	228	1508	17	2	1489	5	15	3	20	311	175	10	47	604	289	10
75	Paris	18	18ème circonscription	56	Paris	1829	1605	206	1399	15	2	1382	1	11	2	20	291	151	8	53	563	269	13
75	Paris	18	18ème circonscription	56	Paris	1830	1708	236	1472	19	2	1451	3	8	2	25	272	192	8	42	586	305	8
75	Paris	18	18ème circonscription	56	Paris	1831	1731	223	1508	15	1	1492	5	7	2	23	268	193	7	63	586	323	15
75	Paris	18	18ème circonscription	56	Paris	1832	1605	254	1351	14	6	1331	6	8	4	20	280	152	6	73	475	301	6
75	Paris	18	18ème circonscription	56	Paris	1833	1658	279	1379	9	4	1366	6	22	5	22	260	161	7	82	493	299	9
75	Paris	18	18ème circonscription	56	Paris	1834	1771	301	1470	18	4	1448	2	15	5	17	274	144	9	80	544	345	13
75	Paris	18	18ème circonscription	56	Paris	1835	1511	178	1333	14	4	1315	3	10	2	20	344	121	15	37	527	231	5
75	Paris	18	18ème circonscription	56	Paris	1836	1504	196	1308	13	2	1293	2	4	1	17	222	163	9	49	565	251	10
75	Paris	18	18ème circonscription	56	Paris	1837	1583	232	1351	18	4	1329	2	14	3	14	308	161	4	49	533	235	6
75	Paris	18	18ème circonscription	56	Paris	1849	1112	357	755	17	8	730	5	11	3	10	64	72	5	100	155	303	2
75	Paris	18	18ème circonscription	56	Paris	1850	1054	282	772	18	9	745	2	9	0	16	68	68	6	123	154	286	13
75	Paris	18	18ème circonscription	56	Paris	1866	1405	220	1185	6	3	1176	3	11	0	12	207	145	6	49	476	261	6
